X,Y,Z,ScaledValSoft
1.0,6.0,4.0,0.21563786268234253
1.0,11.0,4.0,0.6883402466773987
1.0,32.0,4.0,0.4691358208656311
1.0,38.0,4.0,0.1711934208869934
1.0,40.0,4.0,0.7486968040466309
1.0,42.0,4.0,0.743209958076477
1.0,43.0,4.0,0.3283950686454773
1.0,45.0,4.0,0.2397805154323578
1.0,47.0,4.0,0.29355281591415405
1.0,48.0,4.0,0.28971195220947266
1.0,51.0,4.0,0.17146776616573334
1.0,54.0,4.0,0.12043897062540054
1.0,57.0,4.0,0.7404664158821106
1.0,60.0,4.0,0.745953381061554
1.0,72.0,4.0,0.7596707940101624
1.0,73.0,4.0,0.803566575050354
1.0,74.0,4.0,0.8117969632148743
1.0,80.0,4.0,0.277091920375824
1.0,83.0,4.0,0.8227709531784058
1.0,84.0,4.0,0.7925925850868225
1.0,92.0,4.0,0.192592591047287
1.0,93.0,4.0,0.16104252636432648
1.0,99.0,4.0,0.0
1.0,100.0,4.0,0.7788751721382141
1.0,103.0,4.0,0.7871056199073792
1.0,117.0,4.0,0.5703703761100769
1.0,119.0,4.0,0.6038408875465393
1.0,120.0,4.0,0.4864197373390198
1.0,125.0,4.0,0.30617284774780273
2.0,4.0,4.0,0.05130315572023392
2.0,10.0,4.0,0.6087791919708252
2.0,14.0,4.0,0.37037035822868347
2.0,20.0,4.0,0.1829904019832611
2.0,21.0,4.0,0.25706449151039124
2.0,23.0,4.0,0.27187928557395935
2.0,24.0,4.0,0.1544581800699234
2.0,25.0,4.0,0.7157750129699707
2.0,28.0,4.0,0.7486968040466309
2.0,32.0,4.0,0.7294924259185791
2.0,34.0,4.0,0.7349794507026672
2.0,40.0,4.0,0.803566575050354
2.0,45.0,4.0,0.21865570545196533
2.0,47.0,4.0,0.3443072736263275
2.0,54.0,4.0,0.743209958076477
2.0,57.0,4.0,0.7651577591896057
2.0,58.0,4.0,0.7377229332923889
2.0,67.0,4.0,0.17229080200195312
2.0,77.0,4.0,0.19807957112789154
2.0,80.0,4.0,0.18353910744190216
2.0,82.0,4.0,0.08175583928823471
2.0,84.0,4.0,0.8090535402297974
2.0,88.0,4.0,0.7596707940101624
2.0,98.0,4.0,0.17668037116527557
2.0,104.0,4.0,0.7706447243690491
2.0,105.0,4.0,0.7843621373176575
2.0,109.0,4.0,0.8145405054092407
2.0,117.0,4.0,0.6348422765731812
2.0,119.0,4.0,0.6436213850975037
3.0,5.0,4.0,0.21124829351902008
3.0,9.0,4.0,0.6691358089447021
3.0,28.0,4.0,0.7624143362045288
3.0,40.0,4.0,0.7706447243690491
3.0,51.0,4.0,0.745953381061554
3.0,69.0,4.0,0.23950617015361786
3.0,82.0,4.0,0.12702332437038422
3.0,89.0,4.0,0.7733882069587708
3.0,95.0,4.0,0.21481482684612274
3.0,97.0,4.0,0.11165980994701385
3.0,107.0,4.0,0.809876561164856
3.0,112.0,4.0,0.2595336139202118
3.0,119.0,4.0,0.6032921671867371
3.0,123.0,4.0,0.2990397810935974
4.0,4.0,4.0,0.10644719749689102
4.0,10.0,4.0,0.5813443064689636
4.0,11.0,4.0,0.6801097989082336
4.0,15.0,4.0,0.6691358089447021
4.0,16.0,4.0,0.52647465467453
4.0,17.0,4.0,0.7157750129699707
4.0,25.0,4.0,0.7591220736503601
4.0,26.0,4.0,0.7404664158821106
4.0,28.0,4.0,0.7514403462409973
4.0,33.0,4.0,0.7267490029335022
4.0,57.0,4.0,0.7212620377540588
4.0,59.0,4.0,0.7404664158821106
4.0,61.0,4.0,0.2617284059524536
4.0,71.0,4.0,0.7596707940101624
4.0,77.0,4.0,0.07709191739559174
4.0,79.0,4.0,0.10836763679981232
4.0,80.0,4.0,0.1396433562040329
4.0,81.0,4.0,0.06556928157806396
4.0,83.0,4.0,0.08724280446767807
4.0,86.0,4.0,0.06721536815166473
4.0,88.0,4.0,0.8063099980354309
4.0,90.0,4.0,0.803566575050354
4.0,93.0,4.0,0.7679012417793274
4.0,101.0,4.0,0.23429356515407562
4.0,102.0,4.0,0.04197530820965767
4.0,103.0,4.0,0.7761317491531372
4.0,113.0,4.0,0.3733882009983063
4.0,119.0,4.0,0.5887517333030701
4.0,124.0,4.0,0.8968450427055359
4.0,130.0,4.0,0.8776406645774841
5.0,11.0,4.0,0.7102880477905273
5.0,12.0,4.0,0.6663923263549805
5.0,14.0,4.0,0.704801082611084
5.0,16.0,4.0,0.7130315899848938
5.0,20.0,4.0,0.7294924259185791
5.0,22.0,4.0,0.7733882069587708
5.0,26.0,4.0,0.7130315899848938
5.0,32.0,4.0,0.7322359681129456
5.0,34.0,4.0,0.7404664158821106
5.0,37.0,4.0,0.7377229332923889
5.0,47.0,4.0,0.7651577591896057
5.0,49.0,4.0,0.7539095282554626
5.0,50.0,4.0,0.7596707940101624
5.0,57.0,4.0,0.7486968040466309
5.0,63.0,4.0,0.23072703182697296
5.0,74.0,4.0,0.10589849948883057
5.0,75.0,4.0,0.07818930596113205
5.0,82.0,4.0,0.09711934626102448
5.0,83.0,4.0,0.05871056765317917
5.0,86.0,4.0,0.05624143034219742
5.0,91.0,4.0,0.8090535402297974
5.0,92.0,4.0,0.803566575050354
5.0,93.0,4.0,0.7925925850868225
5.0,95.0,4.0,0.7843621373176575
5.0,106.0,4.0,0.43703705072402954
5.0,108.0,4.0,0.3588477373123169
5.0,112.0,4.0,0.3572016656398773
5.0,113.0,4.0,0.503154993057251
5.0,116.0,4.0,0.5720164775848389
5.0,118.0,4.0,0.4930041432380676
5.0,126.0,4.0,0.880384087562561
6.0,1.0,4.0,0.03895747661590576
6.0,2.0,4.0,0.03566529601812363
6.0,3.0,4.0,0.08669411391019821
6.0,5.0,4.0,0.229080930352211
6.0,9.0,4.0,0.7020576000213623
6.0,21.0,4.0,0.754183828830719
6.0,32.0,4.0,0.7267490029335022
6.0,36.0,4.0,0.7404664158821106
6.0,40.0,4.0,0.7596707940101624
6.0,46.0,4.0,0.754183828830719
6.0,47.0,4.0,0.7651577591896057
6.0,50.0,4.0,0.7596707940101624
6.0,52.0,4.0,0.754183828830719
6.0,67.0,4.0,0.434567928314209
6.0,73.0,4.0,0.7706447243690491
6.0,79.0,4.0,0.08148148655891418
6.0,84.0,4.0,0.12647463381290436
6.0,86.0,4.0,0.09876544028520584
6.0,91.0,4.0,0.8117969632148743
6.0,95.0,4.0,0.7980795502662659
6.0,101.0,4.0,0.8392318487167358
6.0,112.0,4.0,0.3451303243637085
6.0,118.0,4.0,0.588477373123169
6.0,126.0,4.0,0.8392318487167358
7.0,2.0,4.0,0.02606309950351715
7.0,4.0,4.0,0.11769548058509827
7.0,5.0,4.0,0.09519891440868378
7.0,9.0,4.0,0.6773662567138672
7.0,11.0,4.0,0.6883402466773987
7.0,13.0,4.0,0.7322359681129456
7.0,22.0,4.0,0.7130315899848938
7.0,24.0,4.0,0.7404664158821106
7.0,25.0,4.0,0.7130315899848938
7.0,26.0,4.0,0.743209958076477
7.0,30.0,4.0,0.743209958076477
7.0,37.0,4.0,0.7733882069587708
7.0,43.0,4.0,0.7651577591896057
7.0,46.0,4.0,0.7898491621017456
7.0,51.0,4.0,0.7871056199073792
7.0,60.0,4.0,0.21700960397720337
7.0,72.0,4.0,0.743209958076477
7.0,74.0,4.0,0.08148148655891418
7.0,85.0,4.0,0.06447187811136246
7.0,92.0,4.0,0.7925925850868225
7.0,93.0,4.0,0.8063099980354309
7.0,98.0,4.0,0.8227709531784058
7.0,99.0,4.0,0.8227709531784058
7.0,102.0,4.0,0.8227709531784058
7.0,105.0,4.0,0.8636488318443298
7.0,110.0,4.0,0.41838136315345764
7.0,124.0,4.0,0.8694101572036743
7.0,127.0,4.0,0.8392318487167358
8.0,3.0,4.0,0.10754458606243134
8.0,13.0,4.0,0.7267490029335022
8.0,15.0,4.0,0.7679012417793274
8.0,22.0,4.0,0.6068587303161621
8.0,24.0,4.0,0.7157750129699707
8.0,25.0,4.0,0.7130315899848938
8.0,26.0,4.0,0.7157750129699707
8.0,35.0,4.0,0.754183828830719
8.0,36.0,4.0,0.7898491621017456
8.0,39.0,4.0,0.745953381061554
8.0,43.0,4.0,0.745953381061554
8.0,47.0,4.0,0.7404664158821106
8.0,49.0,4.0,0.7733882069587708
8.0,60.0,4.0,0.16159123182296753
8.0,61.0,4.0,0.11934157460927963
8.0,77.0,4.0,0.07105625420808792
8.0,92.0,4.0,0.21618656814098358
8.0,95.0,4.0,0.7871056199073792
8.0,98.0,4.0,0.803566575050354
8.0,101.0,4.0,0.7843621373176575
8.0,104.0,4.0,0.880384087562561
8.0,105.0,4.0,0.8529492616653442
8.0,114.0,4.0,0.25596708059310913
8.0,119.0,4.0,0.8200274705886841
8.0,120.0,4.0,0.8474622964859009
8.0,122.0,4.0,0.8694101572036743
8.0,125.0,4.0,0.8529492616653442
8.0,128.0,4.0,0.26776406168937683
8.0,130.0,4.0,0.46776407957077026
9.0,9.0,4.0,0.39259257912635803
9.0,11.0,4.0,0.7569273710250854
9.0,17.0,4.0,0.7624143362045288
9.0,21.0,4.0,0.73333340883255
9.0,22.0,4.0,0.7130315899848938
9.0,24.0,4.0,0.696570634841919
9.0,39.0,4.0,0.8008230924606323
9.0,41.0,4.0,0.7843621373176575
9.0,42.0,4.0,0.7706447243690491
9.0,51.0,4.0,0.4913580119609833
9.0,53.0,4.0,0.4938271641731262
9.0,54.0,4.0,0.1613168865442276
9.0,55.0,4.0,0.11714678257703781
9.0,57.0,4.0,0.15281207859516144
9.0,60.0,4.0,0.16982167959213257
9.0,73.0,4.0,0.11796983331441879
9.0,74.0,4.0,0.15171468257904053
9.0,76.0,4.0,0.15171468257904053
9.0,79.0,4.0,0.05871056765317917
9.0,80.0,4.0,0.07489712536334991
9.0,97.0,4.0,0.7761317491531372
9.0,104.0,4.0,0.8172839283943176
9.0,105.0,4.0,0.8172839283943176
9.0,115.0,4.0,0.7843621373176575
9.0,116.0,4.0,0.7980795502662659
9.0,120.0,4.0,0.8694101572036743
9.0,124.0,4.0,0.8474622964859009
9.0,128.0,4.0,0.16296297311782837
10.0,4.0,4.0,0.06008230149745941
10.0,7.0,4.0,0.14924554526805878
10.0,9.0,4.0,0.16899864375591278
10.0,10.0,4.0,0.745953381061554
10.0,13.0,4.0,0.7075446248054504
10.0,14.0,4.0,0.7980795502662659
10.0,15.0,4.0,0.7871056199073792
10.0,17.0,4.0,0.8117969632148743
10.0,20.0,4.0,0.8008230924606323
10.0,22.0,4.0,0.7761317491531372
10.0,24.0,4.0,0.745953381061554
10.0,26.0,4.0,0.693827211856842
10.0,30.0,4.0,0.7569273710250854
10.0,33.0,4.0,0.7925925850868225
10.0,36.0,4.0,0.7733882069587708
10.0,45.0,4.0,0.7651577591896057
10.0,46.0,4.0,0.7596707940101624
10.0,56.0,4.0,0.5753086805343628
10.0,57.0,4.0,0.5780521035194397
10.0,63.0,4.0,0.8090535402297974
10.0,70.0,4.0,0.13882030546665192
10.0,84.0,4.0,0.07160494476556778
10.0,95.0,4.0,0.09711934626102448
10.0,99.0,4.0,0.8090535402297974
10.0,114.0,4.0,0.745953381061554
10.0,115.0,4.0,0.803566575050354
10.0,117.0,4.0,0.8145405054092407
10.0,127.0,4.0,0.21618656814098358
11.0,7.0,4.0,0.2438957542181015
11.0,14.0,4.0,0.7783264517784119
11.0,15.0,4.0,0.7925925850868225
11.0,37.0,4.0,0.8392318487167358
11.0,50.0,4.0,0.4888888895511627
11.0,51.0,4.0,0.4913580119609833
11.0,57.0,4.0,0.795336127281189
11.0,59.0,4.0,0.8255143761634827
11.0,62.0,4.0,0.844718873500824
11.0,65.0,4.0,0.803566575050354
11.0,69.0,4.0,0.14128944277763367
11.0,73.0,4.0,0.13909466564655304
11.0,74.0,4.0,0.16790124773979187
11.0,76.0,4.0,0.10946502536535263
11.0,83.0,4.0,0.1739369034767151
11.0,84.0,4.0,0.07681756466627121
11.0,88.0,4.0,0.11220850795507431
11.0,92.0,4.0,0.22167351841926575
11.0,95.0,4.0,0.05980795994400978
11.0,101.0,4.0,0.8117969632148743
11.0,110.0,4.0,0.745953381061554
11.0,112.0,4.0,0.7349794507026672
11.0,117.0,4.0,0.8145405054092407
11.0,118.0,4.0,0.8227709531784058
11.0,127.0,4.0,0.30123457312583923
11.0,129.0,4.0,0.1248285323381424
12.0,6.0,4.0,0.09190672636032104
12.0,7.0,4.0,0.19533607363700867
12.0,10.0,4.0,0.1788751631975174
12.0,18.0,4.0,0.6315500736236572
12.0,35.0,4.0,0.7761317491531372
12.0,36.0,4.0,0.7733882069587708
12.0,48.0,4.0,0.743209958076477
12.0,53.0,4.0,0.5209876894950867
12.0,56.0,4.0,0.7486968040466309
12.0,61.0,4.0,0.8008230924606323
12.0,69.0,4.0,0.21481482684612274
12.0,81.0,4.0,0.21673525869846344
12.0,96.0,4.0,0.10315500944852829
12.0,97.0,4.0,0.137722909450531
12.0,99.0,4.0,0.13991770148277283
12.0,104.0,4.0,0.8090535402297974
12.0,114.0,4.0,0.7980795502662659
12.0,118.0,4.0,0.8474622964859009
12.0,120.0,4.0,0.2567901313304901
12.0,122.0,4.0,0.24307270348072052
12.0,128.0,4.0,0.16982167959213257
13.0,17.0,4.0,0.5075446367263794
13.0,22.0,4.0,0.7925925850868225
13.0,24.0,4.0,0.7267490029335022
13.0,35.0,4.0,0.7761317491531372
13.0,36.0,4.0,0.7733882069587708
13.0,43.0,4.0,0.448285311460495
13.0,45.0,4.0,0.8227709531784058
13.0,49.0,4.0,0.7486968040466309
13.0,56.0,4.0,0.7843621373176575
13.0,58.0,4.0,0.8172839283943176
13.0,60.0,4.0,0.7761317491531372
13.0,62.0,4.0,0.7843621373176575
13.0,72.0,4.0,0.18737995624542236
13.0,77.0,4.0,0.3352537751197815
13.0,81.0,4.0,0.17640604078769684
13.0,87.0,4.0,0.09519891440868378
13.0,89.0,4.0,0.08641976118087769
13.0,90.0,4.0,0.1248285323381424
13.0,95.0,4.0,0.08203017711639404
13.0,97.0,4.0,0.19314129650592804
13.0,99.0,4.0,0.2765432298183441
13.0,107.0,4.0,0.8556927442550659
13.0,111.0,4.0,0.8172839283943176
13.0,113.0,4.0,0.8255143761634827
14.0,3.0,4.0,0.03758573532104492
14.0,9.0,4.0,0.11275720596313477
14.0,21.0,4.0,0.743209958076477
14.0,22.0,4.0,0.7679012417793274
14.0,24.0,4.0,0.35829901695251465
14.0,29.0,4.0,0.1267489790916443
14.0,34.0,4.0,0.8008230924606323
14.0,40.0,4.0,0.7898491621017456
14.0,50.0,4.0,0.4888888895511627
14.0,58.0,4.0,0.7980795502662659
14.0,66.0,4.0,0.1190672218799591
14.0,78.0,4.0,0.175034299492836
14.0,82.0,4.0,0.12647463381290436
14.0,97.0,4.0,0.21893003582954407
14.0,104.0,4.0,0.11193416267633438
14.0,110.0,4.0,0.24032922089099884
14.0,125.0,4.0,0.32318243384361267
14.0,126.0,4.0,0.3854595422744751
15.0,3.0,4.0,0.02606309950351715
15.0,4.0,4.0,0.039780523627996445
15.0,7.0,4.0,0.07736626267433167
15.0,16.0,4.0,0.3824416995048523
15.0,20.0,4.0,0.7679012417793274
15.0,21.0,4.0,0.7898491621017456
15.0,25.0,4.0,0.3980795741081238
15.0,30.0,4.0,0.10205762088298798
15.0,33.0,4.0,0.7925925850868225
15.0,34.0,4.0,0.8008230924606323
15.0,37.0,4.0,0.8748971223831177
15.0,39.0,4.0,0.8666666746139526
15.0,52.0,4.0,0.8145405054092407
15.0,53.0,4.0,0.7980795502662659
15.0,71.0,4.0,0.11001372337341309
15.0,78.0,4.0,0.16570644080638885
15.0,91.0,4.0,0.11961591988801956
15.0,94.0,4.0,0.1514403373003006
15.0,98.0,4.0,0.13909466564655304
15.0,100.0,4.0,0.3314129114151001
15.0,104.0,4.0,0.15253771841526031
15.0,112.0,4.0,0.44307270646095276
15.0,117.0,4.0,0.28285321593284607
15.0,119.0,4.0,0.38381344079971313
15.0,120.0,4.0,0.3314129114151001
15.0,121.0,4.0,0.1975308656692505
15.0,129.0,4.0,0.23127572238445282
16.0,2.0,4.0,0.0353909470140934
16.0,6.0,4.0,0.048559676855802536
16.0,9.0,4.0,0.11001372337341309
16.0,12.0,4.0,0.19286693632602692
16.0,14.0,4.0,0.25130313634872437
16.0,32.0,4.0,0.12620027363300323
16.0,34.0,4.0,0.2427983582019806
16.0,39.0,4.0,0.8556927442550659
16.0,40.0,4.0,0.8886145353317261
16.0,52.0,4.0,0.8392318487167358
16.0,62.0,4.0,0.5012345910072327
16.0,63.0,4.0,0.1857338845729828
16.0,68.0,4.0,0.20768176019191742
16.0,74.0,4.0,0.08312758058309555
16.0,79.0,4.0,0.12235940992832184
16.0,85.0,4.0,0.12043897062540054
16.0,89.0,4.0,0.05733882263302803
16.0,96.0,4.0,0.23429356515407562
16.0,103.0,4.0,0.2921810746192932
16.0,109.0,4.0,0.17037038505077362
16.0,122.0,4.0,0.18216735124588013
16.0,128.0,4.0,0.24060356616973877
17.0,2.0,4.0,0.027160491794347763
17.0,12.0,4.0,0.1829904019832611
17.0,16.0,4.0,0.7898491621017456
17.0,17.0,4.0,0.7240055203437805
17.0,19.0,4.0,0.8090535402297974
17.0,25.0,4.0,0.12949246168136597
17.0,26.0,4.0,0.09300412237644196
17.0,33.0,4.0,0.11577503383159637
17.0,35.0,4.0,0.28148147463798523
17.0,36.0,4.0,0.3176954686641693
17.0,38.0,4.0,0.8611797094345093
17.0,42.0,4.0,0.8008230924606323
17.0,48.0,4.0,0.19231823086738586
17.0,51.0,4.0,0.4913580119609833
17.0,56.0,4.0,0.8008230924606323
17.0,58.0,4.0,0.8090535402297974
17.0,64.0,4.0,0.0757201686501503
17.0,67.0,4.0,0.28614541888237
17.0,76.0,4.0,0.12071330845355988
17.0,79.0,4.0,0.15884774923324585
17.0,80.0,4.0,0.1739369034767151
17.0,82.0,4.0,0.13113854825496674
17.0,101.0,4.0,0.3854595422744751
18.0,6.0,4.0,0.08641976118087769
18.0,8.0,4.0,0.11385460197925568
18.0,9.0,4.0,0.11083677411079407
18.0,43.0,4.0,0.30452674627304077
18.0,66.0,4.0,0.1994512975215912
18.0,72.0,4.0,0.14293552935123444
18.0,74.0,4.0,0.14183813333511353
18.0,75.0,4.0,0.1259259432554245
18.0,83.0,4.0,0.14732511341571808
18.0,84.0,4.0,0.2713305950164795
18.0,90.0,4.0,0.14183813333511353
18.0,93.0,4.0,0.17338819801807404
18.0,94.0,4.0,0.13497944176197052
18.0,97.0,4.0,0.17777776718139648
18.0,104.0,4.0,0.1643347293138504
18.0,111.0,4.0,0.16159123182296753
18.0,113.0,4.0,0.277091920375824
18.0,114.0,4.0,0.5379972457885742
18.0,116.0,4.0,0.34156376123428345
18.0,117.0,4.0,0.3048011064529419
18.0,119.0,4.0,0.30452674627304077
18.0,123.0,4.0,0.21975310146808624
18.0,124.0,4.0,0.17668037116527557
18.0,125.0,4.0,0.2016461044549942
18.0,127.0,4.0,0.3665294945240021
18.0,130.0,4.0,0.26502057909965515
19.0,8.0,4.0,0.20274348556995392
19.0,12.0,4.0,0.20576131343841553
19.0,15.0,4.0,0.7404664158821106
19.0,16.0,4.0,0.7651577591896057
19.0,20.0,4.0,0.097393698990345
19.0,22.0,4.0,0.07901234924793243
19.0,24.0,4.0,0.0806584432721138
19.0,25.0,4.0,0.12235940992832184
19.0,34.0,4.0,0.212345689535141
19.0,40.0,4.0,0.8748971223831177
19.0,43.0,4.0,0.1160493865609169
19.0,44.0,4.0,0.19314129650592804
19.0,47.0,4.0,0.22798354923725128
19.0,54.0,4.0,0.8063099980354309
19.0,57.0,4.0,0.09519891440868378
19.0,58.0,4.0,0.10781893879175186
19.0,59.0,4.0,0.13004116714000702
19.0,61.0,4.0,0.2567901313304901
19.0,63.0,4.0,0.1769547313451767
19.0,64.0,4.0,0.16982167959213257
19.0,71.0,4.0,0.11769548058509827
19.0,73.0,4.0,0.15226338803768158
19.0,76.0,4.0,0.831001341342926
19.0,82.0,4.0,0.330315500497818
19.0,85.0,4.0,0.41947874426841736
19.0,90.0,4.0,0.25130313634872437
19.0,99.0,4.0,0.4071330428123474
19.0,104.0,4.0,0.13689985871315002
19.0,105.0,4.0,0.17969821393489838
19.0,109.0,4.0,0.17366255819797516
19.0,126.0,4.0,0.246639221906662
19.0,129.0,4.0,0.4850480258464813
20.0,1.0,4.0,0.754183828830719
20.0,6.0,4.0,0.21591220796108246
20.0,10.0,4.0,0.05130315572023392
20.0,18.0,4.0,0.10644719749689102
20.0,20.0,4.0,0.06529492884874344
20.0,22.0,4.0,0.11714678257703781
20.0,23.0,4.0,0.11495199799537659
20.0,26.0,4.0,0.14403294026851654
20.0,29.0,4.0,0.11687243729829788
20.0,57.0,4.0,0.16872428357601166
20.0,59.0,4.0,0.192592591047287
20.0,66.0,4.0,0.19506172835826874
20.0,70.0,4.0,0.1308642029762268
20.0,78.0,4.0,0.7980795502662659
20.0,82.0,4.0,0.2792866826057434
20.0,86.0,4.0,0.350068598985672
20.0,87.0,4.0,0.25816187262535095
20.0,88.0,4.0,0.2449931502342224
20.0,99.0,4.0,0.17969821393489838
20.0,101.0,4.0,0.15171468257904053
20.0,105.0,4.0,0.14375858008861542
20.0,106.0,4.0,0.22962962090969086
20.0,109.0,4.0,0.2567901313304901
20.0,116.0,4.0,0.6340191960334778
20.0,124.0,4.0,0.1621399223804474
21.0,3.0,4.0,0.21316872537136078
21.0,5.0,4.0,0.14869685471057892
21.0,12.0,4.0,0.803566575050354
21.0,13.0,4.0,0.7925925850868225
21.0,19.0,4.0,0.08971194177865982
21.0,20.0,4.0,0.04471879452466965
21.0,24.0,4.0,0.10946502536535263
21.0,32.0,4.0,0.09849108755588531
21.0,34.0,4.0,0.11495199799537659
21.0,36.0,4.0,0.424691379070282
21.0,37.0,4.0,0.438408762216568
21.0,38.0,4.0,0.7871056199073792
21.0,43.0,4.0,0.21893003582954407
21.0,45.0,4.0,0.19972564280033112
21.0,50.0,4.0,0.2104252278804779
21.0,52.0,4.0,0.8392318487167358
21.0,58.0,4.0,0.06694101542234421
21.0,66.0,4.0,0.2606309950351715
21.0,72.0,4.0,0.754183828830719
21.0,77.0,4.0,0.7294924259185791
21.0,82.0,4.0,0.16076818108558655
21.0,83.0,4.0,0.22469136118888855
21.0,84.0,4.0,0.19972564280033112
21.0,90.0,4.0,0.17338819801807404
21.0,102.0,4.0,0.1643347293138504
21.0,107.0,4.0,0.2104252278804779
21.0,109.0,4.0,0.21481482684612274
21.0,112.0,4.0,0.5286694169044495
21.0,116.0,4.0,0.57229083776474
21.0,118.0,4.0,0.34869682788848877
21.0,119.0,4.0,0.34759947657585144
21.0,121.0,4.0,0.13936899602413177
22.0,9.0,4.0,0.08120714128017426
22.0,13.0,4.0,0.7980795502662659
22.0,16.0,4.0,0.16406036913394928
22.0,27.0,4.0,0.05624143034219742
22.0,29.0,4.0,0.05459534376859665
22.0,48.0,4.0,0.385185182094574
22.0,53.0,4.0,0.8227709531784058
22.0,60.0,4.0,0.1415638029575348
22.0,65.0,4.0,0.2545953392982483
22.0,67.0,4.0,0.13799726963043213
22.0,74.0,4.0,0.7377229332923889
22.0,78.0,4.0,0.6828532218933105
22.0,80.0,4.0,0.7733882069587708
22.0,86.0,4.0,0.3596707880496979
22.0,87.0,4.0,0.2919067144393921
22.0,90.0,4.0,0.18847738206386566
22.0,93.0,4.0,0.34759947657585144
22.0,109.0,4.0,0.23127572238445282
22.0,116.0,4.0,0.42139917612075806
22.0,126.0,4.0,0.47379976511001587
22.0,127.0,4.0,0.5577503442764282
22.0,129.0,4.0,0.4186556935310364
22.0,130.0,4.0,0.49519893527030945
23.0,5.0,4.0,0.8200274705886841
23.0,11.0,4.0,0.8145405054092407
23.0,12.0,4.0,0.7733882069587708
23.0,15.0,4.0,0.7514403462409973
23.0,18.0,4.0,0.13004116714000702
23.0,19.0,4.0,0.1061728447675705
23.0,33.0,4.0,0.03676269203424454
23.0,37.0,4.0,0.23868313431739807
23.0,41.0,4.0,0.7349794507026672
23.0,45.0,4.0,0.4790123403072357
23.0,48.0,4.0,0.37283948063850403
23.0,51.0,4.0,0.4913580119609833
23.0,53.0,4.0,0.8227709531784058
23.0,57.0,4.0,0.05541837960481644
23.0,58.0,4.0,0.1259259432554245
23.0,64.0,4.0,0.20192043483257294
23.0,84.0,4.0,0.32592594623565674
23.0,92.0,4.0,0.29958847165107727
23.0,94.0,4.0,0.4850480258464813
23.0,98.0,4.0,0.20411524176597595
23.0,99.0,4.0,0.3187928795814514
23.0,101.0,4.0,0.29931414127349854
23.0,110.0,4.0,0.10644719749689102
23.0,121.0,4.0,0.17174209654331207
23.0,125.0,4.0,0.24554184079170227
23.0,129.0,4.0,0.40932783484458923
24.0,1.0,4.0,0.7733882069587708
24.0,8.0,4.0,0.7816187143325806
24.0,10.0,4.0,0.8392318487167358
24.0,20.0,4.0,0.1141289472579956
24.0,34.0,4.0,0.08340192586183548
24.0,37.0,4.0,0.14732511341571808
24.0,44.0,4.0,0.2252400517463684
24.0,62.0,4.0,0.1643347293138504
24.0,67.0,4.0,0.2183813452720642
24.0,68.0,4.0,0.23950617015361786
24.0,83.0,4.0,0.7733882069587708
24.0,92.0,4.0,0.395061731338501
24.0,108.0,4.0,0.1720164567232132
24.0,114.0,4.0,0.3429355323314667
24.0,115.0,4.0,0.2705075442790985
24.0,116.0,4.0,0.4318244159221649
24.0,117.0,4.0,0.40658435225486755
24.0,121.0,4.0,0.20713305473327637
24.0,127.0,4.0,0.2614540457725525
24.0,128.0,4.0,0.3454046845436096
25.0,3.0,4.0,0.7596707940101624
25.0,5.0,4.0,0.7871056199073792
25.0,10.0,4.0,0.8255143761634827
25.0,16.0,4.0,0.2982167601585388
25.0,17.0,4.0,0.23923180997371674
25.0,19.0,4.0,0.08641976118087769
25.0,21.0,4.0,0.12181070446968079
25.0,28.0,4.0,0.0855967104434967
25.0,37.0,4.0,0.23045268654823303
25.0,45.0,4.0,0.5075446367263794
25.0,53.0,4.0,0.2427983582019806
25.0,54.0,4.0,0.2971193492412567
25.0,63.0,4.0,0.23292182385921478
25.0,64.0,4.0,0.27983540296554565
25.0,66.0,4.0,0.27599450945854187
25.0,68.0,4.0,0.1898490935564041
25.0,75.0,4.0,0.14046640694141388
25.0,76.0,4.0,0.2721536457538605
25.0,85.0,4.0,0.5572016835212708
25.0,92.0,4.0,0.5045267939567566
25.0,96.0,4.0,0.22798354923725128
25.0,101.0,4.0,0.1407407522201538
25.0,106.0,4.0,0.2016461044549942
25.0,112.0,4.0,0.2998628318309784
25.0,129.0,4.0,0.23182442784309387
26.0,5.0,4.0,0.7925925850868225
26.0,12.0,4.0,0.7610425353050232
26.0,30.0,4.0,0.0452674925327301
26.0,35.0,4.0,0.17722907662391663
26.0,36.0,4.0,0.2938271462917328
26.0,40.0,4.0,0.7596707940101624
26.0,41.0,4.0,0.7486968040466309
26.0,47.0,4.0,0.5248285531997681
26.0,57.0,4.0,0.26117968559265137
26.0,59.0,4.0,0.22962962090969086
26.0,62.0,4.0,0.1849108189344406
26.0,64.0,4.0,0.1799725741147995
26.0,74.0,4.0,0.12400549650192261
26.0,79.0,4.0,0.745953381061554
26.0,84.0,4.0,0.754183828830719
26.0,86.0,4.0,0.4817558228969574
26.0,87.0,4.0,0.3503429591655731
26.0,92.0,4.0,0.49903979897499084
26.0,96.0,4.0,0.3379972577095032
26.0,99.0,4.0,0.2941015064716339
26.0,100.0,4.0,0.1761316955089569
26.0,121.0,4.0,0.16954733431339264
26.0,122.0,4.0,0.19451303780078888
26.0,128.0,4.0,0.21289436519145966
27.0,2.0,4.0,0.7871056199073792
27.0,11.0,4.0,0.7898491621017456
27.0,13.0,4.0,0.14293552935123444
27.0,14.0,4.0,0.2378600835800171
27.0,15.0,4.0,0.33772292733192444
27.0,28.0,4.0,0.10644719749689102
27.0,37.0,4.0,0.34677639603614807
27.0,40.0,4.0,0.7871056199073792
27.0,47.0,4.0,0.5917695760726929
27.0,53.0,4.0,0.3517146706581116
27.0,56.0,4.0,0.4894375801086426
27.0,57.0,4.0,0.4021947979927063
27.0,59.0,4.0,0.37311384081840515
27.0,60.0,4.0,0.17668037116527557
27.0,63.0,4.0,0.2310013622045517
27.0,69.0,4.0,0.7569273710250854
27.0,73.0,4.0,0.07105625420808792
27.0,79.0,4.0,0.329492449760437
27.0,82.0,4.0,0.7486968040466309
27.0,83.0,4.0,0.7706447243690491
27.0,86.0,4.0,0.3931412994861603
27.0,87.0,4.0,0.2812071442604065
27.0,95.0,4.0,0.34869682788848877
27.0,100.0,4.0,0.15555556118488312
27.0,105.0,4.0,0.07352537661790848
27.0,106.0,4.0,0.07791495323181152
27.0,115.0,4.0,0.1681755781173706
27.0,116.0,4.0,0.192592591047287
27.0,124.0,4.0,0.24142661690711975
27.0,128.0,4.0,0.1396433562040329
28.0,14.0,4.0,0.22057613730430603
28.0,23.0,4.0,0.23155006766319275
28.0,28.0,4.0,0.192592591047287
28.0,31.0,4.0,0.09958848357200623
28.0,33.0,4.0,0.06721536815166473
28.0,34.0,4.0,0.11522634327411652
28.0,38.0,4.0,0.23566529154777527
28.0,39.0,4.0,0.7761317491531372
28.0,42.0,4.0,0.7788751721382141
28.0,44.0,4.0,0.10452675074338913
28.0,49.0,4.0,0.4595336318016052
28.0,50.0,4.0,0.4447188079357147
28.0,54.0,4.0,0.5020576119422913
28.0,58.0,4.0,0.49108368158340454
28.0,64.0,4.0,0.1506173014640808
28.0,69.0,4.0,0.7130315899848938
28.0,75.0,4.0,0.08641976118087769
28.0,84.0,4.0,0.7377229332923889
28.0,89.0,4.0,0.35555556416511536
28.0,91.0,4.0,0.2458161860704422
28.0,94.0,4.0,0.3648834228515625
28.0,101.0,4.0,0.0825788751244545
28.0,103.0,4.0,0.13607682287693024
28.0,106.0,4.0,0.09300412237644196
28.0,117.0,4.0,0.10288066416978836
28.0,124.0,4.0,0.16296297311782837
28.0,127.0,4.0,0.19533607363700867
28.0,128.0,4.0,0.2427983582019806
28.0,130.0,4.0,0.14979425072669983
29.0,13.0,4.0,0.37283948063850403
29.0,18.0,4.0,0.1426611840724945
29.0,19.0,4.0,0.12016461044549942
29.0,22.0,4.0,0.20137174427509308
29.0,26.0,4.0,0.13991770148277283
29.0,27.0,4.0,0.21179698407649994
29.0,33.0,4.0,0.09327847510576248
29.0,34.0,4.0,0.2515774965286255
29.0,40.0,4.0,0.8090535402297974
29.0,43.0,4.0,0.14897119998931885
29.0,44.0,4.0,0.10452675074338913
29.0,47.0,4.0,0.4993141293525696
29.0,68.0,4.0,0.6971193552017212
29.0,69.0,4.0,0.7020576000213623
29.0,73.0,4.0,0.1533607840538025
29.0,77.0,4.0,0.1670781970024109
29.0,79.0,4.0,0.21893003582954407
29.0,86.0,4.0,0.7102880477905273
29.0,88.0,4.0,0.27983540296554565
29.0,92.0,4.0,0.2065843790769577
29.0,93.0,4.0,0.3843621611595154
29.0,103.0,4.0,0.08669411391019821
29.0,111.0,4.0,0.25020575523376465
29.0,119.0,4.0,0.08587106317281723
29.0,125.0,4.0,0.14732511341571808
29.0,126.0,4.0,0.11687243729829788
29.0,129.0,4.0,0.285322368144989
30.0,10.0,4.0,0.21646089851856232
30.0,16.0,4.0,0.24417008459568024
30.0,23.0,4.0,0.1986282616853714
30.0,26.0,4.0,0.16982167959213257
30.0,27.0,4.0,0.17421123385429382
30.0,28.0,4.0,0.13497944176197052
30.0,36.0,4.0,0.22743484377861023
30.0,38.0,4.0,0.3530864417552948
30.0,41.0,4.0,0.7898491621017456
30.0,44.0,4.0,0.10452675074338913
30.0,45.0,4.0,0.2919067144393921
30.0,65.0,4.0,0.16268862783908844
30.0,67.0,4.0,0.7240055203437805
30.0,70.0,4.0,0.08422497659921646
30.0,75.0,4.0,0.10809328407049179
30.0,107.0,4.0,0.4117969870567322
30.0,108.0,4.0,0.28971195220947266
30.0,110.0,4.0,0.229080930352211
30.0,111.0,4.0,0.17640604078769684
30.0,113.0,4.0,0.1514403373003006
30.0,116.0,4.0,0.07983539998531342
30.0,118.0,4.0,0.0943758636713028
31.0,3.0,4.0,0.37805211544036865
31.0,7.0,4.0,0.1994512975215912
31.0,10.0,4.0,0.18436214327812195
31.0,13.0,4.0,0.5975308418273926
31.0,15.0,4.0,0.6038408875465393
31.0,16.0,4.0,0.2850480377674103
31.0,21.0,4.0,0.23182442784309387
31.0,24.0,4.0,0.1632373183965683
31.0,26.0,4.0,0.219204381108284
31.0,39.0,4.0,0.8255143761634827
31.0,40.0,4.0,0.8090535402297974
31.0,61.0,4.0,0.18930041790008545
31.0,63.0,4.0,0.1739369034767151
31.0,70.0,4.0,0.13552813231945038
31.0,71.0,4.0,0.12016461044549942
31.0,72.0,4.0,0.12071330845355988
31.0,74.0,4.0,0.13058985769748688
31.0,75.0,4.0,0.15555556118488312
31.0,79.0,4.0,0.26886144280433655
31.0,85.0,4.0,0.7349794507026672
31.0,88.0,4.0,0.8008230924606323
31.0,109.0,4.0,0.12400549650192261
31.0,110.0,4.0,0.1229081004858017
31.0,111.0,4.0,0.1544581800699234
31.0,112.0,4.0,0.11687243729829788
31.0,113.0,4.0,0.12181070446968079
31.0,116.0,4.0,0.052674900740385056
31.0,117.0,4.0,0.024417012929916382
31.0,121.0,4.0,0.16954733431339264
31.0,124.0,4.0,0.30699586868286133
31.0,125.0,4.0,0.2005487084388733
31.0,130.0,4.0,0.2043895721435547
32.0,1.0,4.0,0.7679012417793274
32.0,11.0,4.0,0.22661179304122925
32.0,14.0,4.0,0.4397805333137512
32.0,20.0,4.0,0.1495199054479599
32.0,21.0,4.0,0.27956104278564453
32.0,31.0,4.0,0.1160493865609169
32.0,34.0,4.0,0.18134430050849915
32.0,36.0,4.0,0.12208505719900131
32.0,38.0,4.0,0.3766804039478302
32.0,40.0,4.0,0.8090535402297974
32.0,42.0,4.0,0.7788751721382141
32.0,50.0,4.0,0.5887517333030701
32.0,51.0,4.0,0.4888888895511627
32.0,60.0,4.0,0.16159123182296753
32.0,61.0,4.0,0.23155006766319275
32.0,66.0,4.0,0.7733882069587708
32.0,78.0,4.0,0.2614540457725525
32.0,80.0,4.0,0.31412893533706665
32.0,88.0,4.0,0.7843621373176575
32.0,94.0,4.0,0.1426611840724945
32.0,95.0,4.0,0.08641976118087769
32.0,96.0,4.0,0.12043897062540054
32.0,97.0,4.0,0.10589849948883057
32.0,105.0,4.0,0.4781893193721771
32.0,106.0,4.0,0.19231823086738586
32.0,108.0,4.0,0.10864198207855225
32.0,111.0,4.0,0.08312758058309555
32.0,120.0,4.0,0.09958848357200623
32.0,123.0,4.0,0.16735254228115082
32.0,124.0,4.0,0.17174209654331207
32.0,125.0,4.0,0.31138548254966736
32.0,127.0,4.0,0.1975308656692505
33.0,25.0,4.0,0.16406036913394928
33.0,27.0,4.0,0.23429356515407562
33.0,28.0,4.0,0.14183813333511353
33.0,31.0,4.0,0.11989027261734009
33.0,35.0,4.0,0.12071330845355988
33.0,38.0,4.0,0.4938271641731262
33.0,40.0,4.0,0.8090535402297974
33.0,41.0,4.0,0.7898491621017456
33.0,45.0,4.0,0.2919067144393921
33.0,49.0,4.0,0.6203017830848694
33.0,59.0,4.0,0.44115227460861206
33.0,71.0,4.0,0.18161864578723907
33.0,80.0,4.0,0.2960219383239746
33.0,84.0,4.0,0.4167352616786957
33.0,94.0,4.0,0.1248285323381424
33.0,97.0,4.0,0.1336076855659485
33.0,103.0,4.0,0.47736626863479614
33.0,104.0,4.0,0.38408780097961426
33.0,105.0,4.0,0.28751713037490845
33.0,122.0,4.0,0.1506173014640808
33.0,125.0,4.0,0.24307270348072052
33.0,129.0,4.0,0.33882033824920654
33.0,130.0,4.0,0.2910836935043335
34.0,1.0,4.0,0.7404664158821106
34.0,6.0,4.0,0.7486968040466309
34.0,13.0,4.0,0.33497941493988037
34.0,31.0,4.0,0.05377229303121567
34.0,32.0,4.0,0.12812072038650513
34.0,33.0,4.0,0.08093278855085373
34.0,36.0,4.0,0.3039780557155609
34.0,46.0,4.0,0.3695473372936249
34.0,49.0,4.0,0.486968457698822
34.0,52.0,4.0,0.5626886487007141
34.0,53.0,4.0,0.3423868417739868
34.0,59.0,4.0,0.22962962090969086
34.0,63.0,4.0,0.7651577591896057
34.0,66.0,4.0,0.7514403462409973
34.0,67.0,4.0,0.26227709650993347
34.0,69.0,4.0,0.20109739899635315
34.0,72.0,4.0,0.0905349850654602
34.0,73.0,4.0,0.41234567761421204
34.0,75.0,4.0,0.08971194177865982
34.0,80.0,4.0,0.20768176019191742
34.0,85.0,4.0,0.3580247163772583
34.0,101.0,4.0,0.2233196198940277
34.0,103.0,4.0,0.5434842705726624
34.0,109.0,4.0,0.1495199054479599
34.0,111.0,4.0,0.1761316955089569
34.0,115.0,4.0,0.036213990300893784
34.0,118.0,4.0,0.07983539998531342
34.0,122.0,4.0,0.15555556118488312
34.0,123.0,4.0,0.2351166009902954
34.0,130.0,4.0,0.34458160400390625
35.0,1.0,4.0,0.7212620377540588
35.0,4.0,4.0,0.6170095801353455
35.0,8.0,4.0,0.5347050428390503
35.0,19.0,4.0,0.2469135820865631
35.0,28.0,4.0,0.14183813333511353
35.0,31.0,4.0,0.08312758058309555
35.0,35.0,4.0,0.09108367562294006
35.0,39.0,4.0,0.8255143761634827
35.0,40.0,4.0,0.8090535402297974
35.0,43.0,4.0,0.14897119998931885
35.0,44.0,4.0,0.10452675074338913
35.0,50.0,4.0,0.3006858825683594
35.0,61.0,4.0,0.2694101333618164
35.0,62.0,4.0,0.7624143362045288
35.0,64.0,4.0,0.7404664158821106
35.0,65.0,4.0,0.7486968040466309
35.0,70.0,4.0,0.5185185074806213
35.0,72.0,4.0,0.7624143362045288
35.0,77.0,4.0,0.21316872537136078
35.0,83.0,4.0,0.14677640795707703
35.0,84.0,4.0,0.285322368144989
35.0,89.0,4.0,0.8200274705886841
35.0,95.0,4.0,0.11522634327411652
35.0,97.0,4.0,0.18628257513046265
35.0,100.0,4.0,0.19094648957252502
35.0,104.0,4.0,0.4455418288707733
35.0,122.0,4.0,0.19423869252204895
35.0,123.0,4.0,0.22661179304122925
35.0,124.0,4.0,0.3116598129272461
35.0,125.0,4.0,0.25816187262535095
35.0,130.0,4.0,0.3539094626903534
36.0,2.0,4.0,0.6828532218933105
36.0,17.0,4.0,0.2792866826057434
36.0,21.0,4.0,0.1860082447528839
36.0,26.0,4.0,0.219204381108284
36.0,37.0,4.0,0.3067215383052826
36.0,40.0,4.0,0.8172839283943176
36.0,41.0,4.0,0.844718873500824
36.0,44.0,4.0,0.39259257912635803
36.0,45.0,4.0,0.5347050428390503
36.0,48.0,4.0,0.2614540457725525
36.0,50.0,4.0,0.41947874426841736
36.0,57.0,4.0,0.43731141090393066
36.0,60.0,4.0,0.34951987862586975
36.0,64.0,4.0,0.7761317491531372
36.0,77.0,4.0,0.743209958076477
36.0,87.0,4.0,0.13058985769748688
36.0,89.0,4.0,0.844718873500824
36.0,90.0,4.0,0.8255143761634827
36.0,103.0,4.0,0.5404664278030396
36.0,107.0,4.0,0.21591220796108246
36.0,120.0,4.0,0.13113854825496674
36.0,123.0,4.0,0.20274348556995392
36.0,125.0,4.0,0.43401920795440674
36.0,126.0,4.0,0.46392321586608887
36.0,129.0,4.0,0.4257887303829193
37.0,1.0,4.0,0.7130315899848938
37.0,2.0,4.0,0.6663923263549805
37.0,5.0,4.0,0.696570634841919
37.0,13.0,4.0,0.6855967044830322
37.0,18.0,4.0,0.5152263045310974
37.0,24.0,4.0,0.1632373183965683
37.0,26.0,4.0,0.219204381108284
37.0,30.0,4.0,0.1190672218799591
37.0,32.0,4.0,0.12126200646162033
37.0,34.0,4.0,0.8392318487167358
37.0,39.0,4.0,0.8611797094345093
37.0,41.0,4.0,0.8227709531784058
37.0,56.0,4.0,0.47379976511001587
37.0,59.0,4.0,0.3006858825683594
37.0,60.0,4.0,0.3155006766319275
37.0,64.0,4.0,0.40054869651794434
37.0,65.0,4.0,0.7706447243690491
37.0,78.0,4.0,0.795336127281189
37.0,83.0,4.0,0.11440329998731613
37.0,85.0,4.0,0.19451303780078888
37.0,86.0,4.0,0.19039779901504517
37.0,88.0,4.0,0.09986283630132675
37.0,89.0,4.0,0.8117969632148743
37.0,90.0,4.0,0.8090535402297974
37.0,91.0,4.0,0.8227709531784058
37.0,94.0,4.0,0.8526749014854431
37.0,96.0,4.0,0.8556927442550659
37.0,102.0,4.0,0.28093278408050537
37.0,106.0,4.0,0.2477366179227829
37.0,112.0,4.0,0.26694104075431824
37.0,113.0,4.0,0.29437586665153503
37.0,114.0,4.0,0.2496570646762848
37.0,118.0,4.0,0.15390947461128235
38.0,2.0,4.0,0.6883402466773987
38.0,6.0,4.0,0.6801097989082336
38.0,12.0,4.0,0.7102880477905273
38.0,15.0,4.0,0.704801082611084
38.0,18.0,4.0,0.7733882069587708
38.0,23.0,4.0,0.11659808456897736
38.0,37.0,4.0,0.929766833782196
38.0,39.0,4.0,0.9050754904747009
38.0,44.0,4.0,0.8419753313064575
38.0,51.0,4.0,0.8200274705886841
38.0,58.0,4.0,0.1681755781173706
38.0,64.0,4.0,0.7843621373176575
38.0,65.0,4.0,0.7925925850868225
38.0,67.0,4.0,0.8063099980354309
38.0,77.0,4.0,0.7761317491531372
38.0,80.0,4.0,0.8227709531784058
38.0,82.0,4.0,0.22469136118888855
38.0,88.0,4.0,0.11330591142177582
38.0,99.0,4.0,0.08038409054279327
38.0,103.0,4.0,0.5437585711479187
38.0,104.0,4.0,0.6400548815727234
38.0,107.0,4.0,0.12455419450998306
38.0,108.0,4.0,0.19725650548934937
38.0,109.0,4.0,0.26090535521507263
38.0,113.0,4.0,0.3558298945426941
38.0,116.0,4.0,0.22386831045150757
38.0,124.0,4.0,0.3215363621711731
38.0,127.0,4.0,0.4663923382759094
39.0,1.0,4.0,0.16598080098628998
39.0,6.0,4.0,0.6718792915344238
39.0,7.0,4.0,0.7075446248054504
39.0,21.0,4.0,0.7404664158821106
39.0,34.0,4.0,0.8943759202957153
39.0,47.0,4.0,0.8008230924606323
39.0,55.0,4.0,0.7925925850868225
39.0,59.0,4.0,0.7925925850868225
39.0,62.0,4.0,0.8200274705886841
39.0,76.0,4.0,0.7898491621017456
39.0,79.0,4.0,0.7980795502662659
39.0,90.0,4.0,0.14897119998931885
39.0,104.0,4.0,0.5262002944946289
39.0,106.0,4.0,0.24060356616973877
39.0,111.0,4.0,0.40548697113990784
39.0,112.0,4.0,0.46776407957077026
39.0,115.0,4.0,0.1986282616853714
39.0,123.0,4.0,0.31220850348472595
39.0,126.0,4.0,0.45377230644226074
40.0,1.0,4.0,0.12729766964912415
40.0,15.0,4.0,0.7349794507026672
40.0,17.0,4.0,0.743209958076477
40.0,21.0,4.0,0.7130315899848938
40.0,22.0,4.0,0.7788751721382141
40.0,27.0,4.0,0.18052126467227936
40.0,29.0,4.0,0.8543210029602051
40.0,30.0,4.0,0.8529492616653442
40.0,32.0,4.0,0.8776406645774841
40.0,35.0,4.0,0.8474622964859009
40.0,42.0,4.0,0.8392318487167358
40.0,48.0,4.0,0.8090535402297974
40.0,50.0,4.0,0.795336127281189
40.0,52.0,4.0,0.7788751721382141
40.0,54.0,4.0,0.8255143761634827
40.0,58.0,4.0,0.8145405054092407
40.0,85.0,4.0,0.20109739899635315
40.0,93.0,4.0,0.8090535402297974
40.0,96.0,4.0,0.7898491621017456
40.0,101.0,4.0,0.18710562586784363
40.0,103.0,4.0,0.4663923382759094
40.0,114.0,4.0,0.4532235860824585
40.0,122.0,4.0,0.15253771841526031
40.0,124.0,4.0,0.3157750368118286
40.0,125.0,4.0,0.26502057909965515
41.0,6.0,4.0,0.30644720792770386
41.0,14.0,4.0,0.7404664158821106
41.0,37.0,4.0,0.8776406645774841
41.0,38.0,4.0,0.8639232516288757
41.0,40.0,4.0,0.844718873500824
41.0,46.0,4.0,0.8145405054092407
41.0,50.0,4.0,0.803566575050354
41.0,52.0,4.0,0.8337448835372925
41.0,60.0,4.0,0.7925925850868225
41.0,65.0,4.0,0.8285322189331055
41.0,66.0,4.0,0.8227709531784058
41.0,69.0,4.0,0.8200274705886841
41.0,70.0,4.0,0.803566575050354
41.0,71.0,4.0,0.7733882069587708
41.0,88.0,4.0,0.20521262288093567
41.0,91.0,4.0,0.2271604835987091
41.0,94.0,4.0,0.8227709531784058
41.0,100.0,4.0,0.7898491621017456
41.0,104.0,4.0,0.522908091545105
41.0,125.0,4.0,0.2606309950351715
41.0,126.0,4.0,0.3371742069721222
42.0,3.0,4.0,0.15473251044750214
42.0,5.0,4.0,0.29272976517677307
42.0,6.0,4.0,0.4150891602039337
42.0,11.0,4.0,0.7267490029335022
42.0,18.0,4.0,0.7761317491531372
42.0,26.0,4.0,0.7980795502662659
42.0,31.0,4.0,0.8502057790756226
42.0,40.0,4.0,0.8474622964859009
42.0,49.0,4.0,0.8227709531784058
42.0,51.0,4.0,0.803566575050354
42.0,54.0,4.0,0.7925925850868225
42.0,57.0,4.0,0.8090535402297974
42.0,59.0,4.0,0.8515775799751282
42.0,71.0,4.0,0.831001341342926
42.0,75.0,4.0,0.7761317491531372
42.0,83.0,4.0,0.7596707940101624
42.0,90.0,4.0,0.1799725741147995
42.0,92.0,4.0,0.17750343680381775
42.0,94.0,4.0,0.375308632850647
42.0,102.0,4.0,0.754183828830719
42.0,105.0,4.0,0.4013717770576477
42.0,106.0,4.0,0.29437586665153503
42.0,115.0,4.0,0.18545953929424286
42.0,121.0,4.0,0.20823045074939728
42.0,122.0,4.0,0.33196157217025757
42.0,123.0,4.0,0.4109739661216736
42.0,125.0,4.0,0.2982167601585388
43.0,3.0,4.0,0.08285322785377502
43.0,4.0,4.0,0.11440329998731613
43.0,5.0,4.0,0.12921811640262604
43.0,9.0,4.0,0.4938271641731262
43.0,11.0,4.0,0.743209958076477
43.0,12.0,4.0,0.7465021014213562
43.0,13.0,4.0,0.7322359681129456
43.0,26.0,4.0,0.8666666746139526
43.0,27.0,4.0,0.8227709531784058
43.0,30.0,4.0,0.8282579183578491
43.0,31.0,4.0,0.8529492616653442
43.0,33.0,4.0,0.8364883661270142
43.0,34.0,4.0,0.3429355323314667
43.0,37.0,4.0,0.34266120195388794
43.0,40.0,4.0,0.8364883661270142
43.0,49.0,4.0,0.8145405054092407
43.0,54.0,4.0,0.7761317491531372
43.0,67.0,4.0,0.21893003582954407
43.0,73.0,4.0,0.34074077010154724
43.0,76.0,4.0,0.7679012417793274
43.0,77.0,4.0,0.743209958076477
43.0,78.0,4.0,0.8090535402297974
43.0,79.0,4.0,0.7843621373176575
43.0,89.0,4.0,0.1308642029762268
43.0,90.0,4.0,0.1533607840538025
43.0,95.0,4.0,0.3242798447608948
43.0,96.0,4.0,0.2359396368265152
43.0,98.0,4.0,0.7925925850868225
43.0,100.0,4.0,0.754183828830719
43.0,101.0,4.0,0.7294924259185791
43.0,112.0,4.0,0.3550068736076355
43.0,113.0,4.0,0.39862826466560364
43.0,120.0,4.0,0.25596708059310913
44.0,4.0,4.0,0.07599451392889023
44.0,11.0,4.0,0.745953381061554
44.0,14.0,4.0,0.743209958076477
44.0,21.0,4.0,0.8282579183578491
44.0,28.0,4.0,0.8392318487167358
44.0,32.0,4.0,0.8392318487167358
44.0,37.0,4.0,0.26968449354171753
44.0,43.0,4.0,0.8063099980354309
44.0,44.0,4.0,0.803566575050354
44.0,48.0,4.0,0.8008230924606323
44.0,51.0,4.0,0.8008230924606323
44.0,57.0,4.0,0.7788751721382141
44.0,80.0,4.0,0.7596707940101624
44.0,86.0,4.0,0.7075446248054504
44.0,95.0,4.0,0.32702329754829407
44.0,96.0,4.0,0.30013716220855713
44.0,97.0,4.0,0.19396433234214783
44.0,105.0,4.0,0.704801082611084
44.0,107.0,4.0,0.37887516617774963
44.0,112.0,4.0,0.33882033824920654
44.0,117.0,4.0,0.3006858825683594
45.0,8.0,4.0,0.693827211856842
45.0,10.0,4.0,0.7404664158821106
45.0,13.0,4.0,0.7788751721382141
45.0,14.0,4.0,0.7898491621017456
45.0,17.0,4.0,0.803566575050354
45.0,26.0,4.0,0.831001341342926
45.0,29.0,4.0,0.8529492616653442
45.0,32.0,4.0,0.1720164567232132
45.0,34.0,4.0,0.276268869638443
45.0,35.0,4.0,0.31824415922164917
45.0,41.0,4.0,0.8419753313064575
45.0,45.0,4.0,0.8090535402297974
45.0,47.0,4.0,0.8227709531784058
45.0,48.0,4.0,0.8200274705886841
45.0,57.0,4.0,0.7898491621017456
45.0,58.0,4.0,0.8008230924606323
45.0,71.0,4.0,0.2674897015094757
45.0,74.0,4.0,0.2271604835987091
45.0,81.0,4.0,0.7486968040466309
45.0,85.0,4.0,0.7569273710250854
45.0,87.0,4.0,0.7624143362045288
45.0,94.0,4.0,0.21700960397720337
45.0,105.0,4.0,0.7322359681129456
45.0,113.0,4.0,0.2812071442604065
45.0,114.0,4.0,0.3360768258571625
45.0,117.0,4.0,0.42139917612075806
45.0,118.0,4.0,0.23237311840057373
45.0,119.0,4.0,0.34074077010154724
45.0,120.0,4.0,0.17530862987041473
45.0,125.0,4.0,0.2282578945159912
45.0,129.0,4.0,0.0757201686501503
46.0,2.0,4.0,0.15884774923324585
46.0,11.0,4.0,0.7898491621017456
46.0,15.0,4.0,0.5160493850708008
46.0,25.0,4.0,0.8639232516288757
46.0,26.0,4.0,0.8282579183578491
46.0,39.0,4.0,0.26310014724731445
46.0,43.0,4.0,0.8419753313064575
46.0,49.0,4.0,0.844718873500824
46.0,51.0,4.0,0.831001341342926
46.0,57.0,4.0,0.8255143761634827
46.0,63.0,4.0,0.17174209654331207
46.0,64.0,4.0,0.21097393333911896
46.0,65.0,4.0,0.4071330428123474
46.0,69.0,4.0,0.3969821631908417
46.0,74.0,4.0,0.29272976517677307
46.0,75.0,4.0,0.21097393333911896
46.0,79.0,4.0,0.7733882069587708
46.0,83.0,4.0,0.7514403462409973
46.0,84.0,4.0,0.7679012417793274
46.0,87.0,4.0,0.803566575050354
46.0,88.0,4.0,0.754183828830719
46.0,109.0,4.0,0.23676270246505737
46.0,110.0,4.0,0.18957476317882538
46.0,129.0,4.0,0.060631006956100464
46.0,130.0,4.0,0.06968450546264648
47.0,9.0,4.0,0.795336127281189
47.0,12.0,4.0,0.4395062029361725
47.0,14.0,4.0,0.18408778309822083
47.0,16.0,4.0,0.041426610201597214
47.0,21.0,4.0,0.8337448835372925
47.0,26.0,4.0,0.18024690449237823
47.0,35.0,4.0,0.10480111092329025
47.0,39.0,4.0,0.27956104278564453
47.0,42.0,4.0,0.8694101572036743
47.0,47.0,4.0,0.8255143761634827
47.0,49.0,4.0,0.8474622964859009
47.0,68.0,4.0,0.22167351841926575
47.0,72.0,4.0,0.25816187262535095
47.0,73.0,4.0,0.15363511443138123
47.0,74.0,4.0,0.18134430050849915
47.0,75.0,4.0,0.21097393333911896
47.0,78.0,4.0,0.7733882069587708
47.0,82.0,4.0,0.7871056199073792
47.0,87.0,4.0,0.7761317491531372
47.0,90.0,4.0,0.7871056199073792
47.0,104.0,4.0,0.8392318487167358
47.0,118.0,4.0,0.2065843790769577
47.0,119.0,4.0,0.23182442784309387
48.0,16.0,4.0,0.07325103133916855
48.0,24.0,4.0,0.8227709531784058
48.0,28.0,4.0,0.07434842735528946
48.0,29.0,4.0,0.11001372337341309
48.0,31.0,4.0,0.0905349850654602
48.0,33.0,4.0,0.08285322785377502
48.0,46.0,4.0,0.7788751721382141
48.0,49.0,4.0,0.803566575050354
48.0,53.0,4.0,0.7980795502662659
48.0,60.0,4.0,0.13388203084468842
48.0,62.0,4.0,0.10534980148077011
48.0,63.0,4.0,0.2005487084388733
48.0,66.0,4.0,0.39259257912635803
48.0,67.0,4.0,0.3813443183898926
48.0,77.0,4.0,0.385185182094574
48.0,80.0,4.0,0.7486968040466309
48.0,83.0,4.0,0.7761317491531372
48.0,86.0,4.0,0.7925925850868225
48.0,99.0,4.0,0.3802469074726105
48.0,102.0,4.0,0.19204390048980713
48.0,110.0,4.0,0.19341562688350677
48.0,117.0,4.0,0.2724279761314392
48.0,125.0,4.0,0.16268862783908844
49.0,11.0,4.0,0.23347049951553345
49.0,19.0,4.0,0.09355281293392181
49.0,26.0,4.0,0.9160494208335876
49.0,27.0,4.0,0.10205762088298798
49.0,33.0,4.0,0.11659808456897736
49.0,36.0,4.0,0.07544581592082977
49.0,37.0,4.0,0.10836763679981232
49.0,42.0,4.0,0.19314129650592804
49.0,44.0,4.0,0.37283948063850403
49.0,48.0,4.0,0.7733882069587708
49.0,55.0,4.0,0.09382716566324234
49.0,62.0,4.0,0.14622771739959717
49.0,68.0,4.0,0.35445815324783325
49.0,69.0,4.0,0.17777776718139648
49.0,70.0,4.0,0.24609054625034332
49.0,74.0,4.0,0.20301781594753265
49.0,75.0,4.0,0.09821674227714539
49.0,89.0,4.0,0.8227709531784058
49.0,99.0,4.0,0.8227709531784058
49.0,110.0,4.0,0.14814816415309906
49.0,119.0,4.0,0.2850480377674103
49.0,122.0,4.0,0.3448559641838074
50.0,6.0,4.0,0.754183828830719
50.0,10.0,4.0,0.503154993057251
50.0,13.0,4.0,0.21508915722370148
50.0,26.0,4.0,0.9393689632415771
50.0,34.0,4.0,0.07517147809267044
50.0,51.0,4.0,0.42222222685813904
50.0,58.0,4.0,0.25102880597114563
50.0,67.0,4.0,0.19396433234214783
50.0,68.0,4.0,0.24142661690711975
50.0,69.0,4.0,0.20685870945453644
50.0,71.0,4.0,0.21207132935523987
50.0,72.0,4.0,0.08230452984571457
50.0,73.0,4.0,0.175034299492836
50.0,84.0,4.0,0.795336127281189
50.0,92.0,4.0,0.8255143761634827
50.0,99.0,4.0,0.8090535402297974
50.0,100.0,4.0,0.8200274705886841
50.0,101.0,4.0,0.15390947461128235
50.0,104.0,4.0,0.1347050815820694
50.0,109.0,4.0,0.7761317491531372
50.0,117.0,4.0,0.33497941493988037
50.0,118.0,4.0,0.16570644080638885
50.0,124.0,4.0,0.20768176019191742
50.0,126.0,4.0,0.09711934626102448
50.0,129.0,4.0,0.0353909470140934
51.0,3.0,4.0,0.7404664158821106
51.0,5.0,4.0,0.7871056199073792
51.0,15.0,4.0,0.21947874128818512
51.0,22.0,4.0,0.9187929034233093
51.0,23.0,4.0,0.9242798686027527
51.0,28.0,4.0,0.06694101542234421
51.0,38.0,4.0,0.11577503383159637
51.0,40.0,4.0,0.12400549650192261
51.0,43.0,4.0,0.14897119998931885
51.0,45.0,4.0,0.07325103133916855
51.0,49.0,4.0,0.04883401840925217
51.0,54.0,4.0,0.17750343680381775
51.0,60.0,4.0,0.4002743661403656
51.0,65.0,4.0,0.11495199799537659
51.0,66.0,4.0,0.17668037116527557
51.0,67.0,4.0,0.18930041790008545
51.0,78.0,4.0,0.7733882069587708
51.0,88.0,4.0,0.831001341342926
51.0,94.0,4.0,0.8063099980354309
51.0,100.0,4.0,0.8172839283943176
51.0,111.0,4.0,0.7980795502662659
51.0,117.0,4.0,0.41947874426841736
51.0,119.0,4.0,0.1799725741147995
51.0,126.0,4.0,0.11001372337341309
52.0,3.0,4.0,0.7733882069587708
52.0,4.0,4.0,0.7871056199073792
52.0,8.0,4.0,0.44581618905067444
52.0,14.0,4.0,0.25432097911834717
52.0,22.0,4.0,0.8938271999359131
52.0,24.0,4.0,0.9187929034233093
52.0,31.0,4.0,0.19780521094799042
52.0,34.0,4.0,0.04197530820965767
52.0,35.0,4.0,0.06227709725499153
52.0,40.0,4.0,0.10781893879175186
52.0,43.0,4.0,0.13305899500846863
52.0,44.0,4.0,0.11165980994701385
52.0,45.0,4.0,0.035939641296863556
52.0,54.0,4.0,0.14869685471057892
52.0,66.0,4.0,0.13333334028720856
52.0,67.0,4.0,0.22661179304122925
52.0,70.0,4.0,0.1465020626783371
52.0,78.0,4.0,0.7733882069587708
52.0,79.0,4.0,0.7733882069587708
52.0,80.0,4.0,0.7486968040466309
52.0,83.0,4.0,0.18737995624542236
52.0,89.0,4.0,0.8227709531784058
52.0,90.0,4.0,0.8117969632148743
52.0,95.0,4.0,0.8392318487167358
52.0,96.0,4.0,0.8337448835372925
52.0,100.0,4.0,0.7706447243690491
52.0,110.0,4.0,0.8063099980354309
52.0,113.0,4.0,0.13882030546665192
52.0,115.0,4.0,0.2241426557302475
52.0,116.0,4.0,0.21097393333911896
52.0,119.0,4.0,0.3813443183898926
53.0,4.0,4.0,0.754183828830719
53.0,10.0,4.0,0.4765431880950928
53.0,15.0,4.0,0.31028807163238525
53.0,19.0,4.0,0.08669411391019821
53.0,25.0,4.0,0.8584362864494324
53.0,27.0,4.0,0.8694101572036743
53.0,29.0,4.0,0.08148148655891418
53.0,31.0,4.0,0.2880658507347107
53.0,39.0,4.0,0.1160493865609169
53.0,42.0,4.0,0.09684500098228455
53.0,47.0,4.0,0.08888889104127884
53.0,53.0,4.0,0.06008230149745941
53.0,63.0,4.0,0.20384088158607483
53.0,66.0,4.0,0.19039779901504517
53.0,69.0,4.0,0.09327847510576248
53.0,79.0,4.0,0.7733882069587708
53.0,87.0,4.0,0.2271604835987091
53.0,90.0,4.0,0.8474622964859009
53.0,96.0,4.0,0.8666666746139526
53.0,105.0,4.0,0.13607682287693024
53.0,111.0,4.0,0.8337448835372925
53.0,124.0,4.0,0.0806584432721138
54.0,1.0,4.0,0.7371742725372314
54.0,2.0,4.0,0.7980795502662659
54.0,18.0,4.0,0.11001372337341309
54.0,21.0,4.0,0.16570644080638885
54.0,25.0,4.0,0.8227709531784058
54.0,32.0,4.0,0.10644719749689102
54.0,39.0,4.0,0.10891633480787277
54.0,42.0,4.0,0.16790124773979187
54.0,48.0,4.0,0.05377229303121567
54.0,56.0,4.0,0.2567901313304901
54.0,60.0,4.0,0.30150893330574036
54.0,68.0,4.0,0.12647463381290436
54.0,76.0,4.0,0.15116597712039948
54.0,77.0,4.0,0.22441701591014862
54.0,78.0,4.0,0.21947874128818512
54.0,79.0,4.0,0.1868312805891037
54.0,82.0,4.0,0.26694104075431824
54.0,104.0,4.0,0.12455419450998306
54.0,108.0,4.0,0.11769548058509827
54.0,111.0,4.0,0.8282579183578491
54.0,114.0,4.0,0.2545953392982483
54.0,115.0,4.0,0.20576131343841553
54.0,117.0,4.0,0.22085048258304596
54.0,124.0,4.0,0.057613175362348557
54.0,127.0,4.0,0.09629630297422409
54.0,128.0,4.0,0.08148148655891418
55.0,8.0,4.0,0.2831275761127472
55.0,9.0,4.0,0.3530864417552948
55.0,10.0,4.0,0.3843621611595154
55.0,13.0,4.0,0.5009602308273315
55.0,15.0,4.0,0.17091907560825348
55.0,18.0,4.0,0.15967078506946564
55.0,20.0,4.0,0.11440329998731613
55.0,23.0,4.0,0.37777775526046753
55.0,24.0,4.0,0.8611797094345093
55.0,26.0,4.0,0.7898491621017456
55.0,27.0,4.0,0.8117969632148743
55.0,30.0,4.0,0.2469135820865631
55.0,34.0,4.0,0.09135802835226059
55.0,43.0,4.0,0.11358024924993515
55.0,45.0,4.0,0.05130315572023392
55.0,50.0,4.0,0.09327847510576248
55.0,51.0,4.0,0.0658436268568039
55.0,64.0,4.0,0.16652950644493103
55.0,65.0,4.0,0.13443073630332947
55.0,68.0,4.0,0.3253772258758545
55.0,75.0,4.0,0.20905348658561707
55.0,77.0,4.0,0.14622771739959717
55.0,87.0,4.0,0.10150892287492752
55.0,97.0,4.0,0.8419753313064575
55.0,102.0,4.0,0.8282579183578491
55.0,106.0,4.0,0.15665295720100403
55.0,108.0,4.0,0.1426611840724945
55.0,112.0,4.0,0.8008230924606323
55.0,116.0,4.0,0.19341562688350677
55.0,119.0,4.0,0.1758573353290558
55.0,120.0,4.0,0.3434842526912689
55.0,121.0,4.0,0.33004114031791687
56.0,1.0,4.0,0.7486968040466309
56.0,2.0,4.0,0.7871056199073792
56.0,4.0,4.0,0.25048011541366577
56.0,19.0,4.0,0.15006858110427856
56.0,22.0,4.0,0.1514403373003006
56.0,26.0,4.0,0.803566575050354
56.0,37.0,4.0,0.31111112236976624
56.0,56.0,4.0,0.18655692040920258
56.0,59.0,4.0,0.1906721591949463
56.0,63.0,4.0,0.19039779901504517
56.0,65.0,4.0,0.12510289251804352
56.0,66.0,4.0,0.10836763679981232
56.0,72.0,4.0,0.15582992136478424
56.0,78.0,4.0,0.13031549751758575
56.0,82.0,4.0,0.16543211042881012
56.0,85.0,4.0,0.10205762088298798
56.0,98.0,4.0,0.795336127281189
56.0,102.0,4.0,0.795336127281189
56.0,105.0,4.0,0.25788751244544983
56.0,106.0,4.0,0.1975308656692505
56.0,107.0,4.0,0.17777776718139648
56.0,119.0,4.0,0.23676270246505737
56.0,121.0,4.0,0.2617284059524536
56.0,129.0,4.0,0.12812072038650513
57.0,7.0,4.0,0.16844993829727173
57.0,11.0,4.0,0.19314129650592804
57.0,14.0,4.0,0.2735253870487213
57.0,16.0,4.0,0.09986283630132675
57.0,20.0,4.0,0.10260631144046783
57.0,25.0,4.0,0.8172839283943176
57.0,31.0,4.0,0.17256516218185425
57.0,32.0,4.0,0.15253771841526031
57.0,33.0,4.0,0.16104252636432648
57.0,44.0,4.0,0.1426611840724945
57.0,47.0,4.0,0.06941015273332596
57.0,51.0,4.0,0.12071330845355988
57.0,52.0,4.0,0.11989027261734009
57.0,61.0,4.0,0.2921810746192932
57.0,64.0,4.0,0.1495199054479599
57.0,67.0,4.0,0.14403294026851654
57.0,69.0,4.0,0.19698216021060944
57.0,73.0,4.0,0.10150892287492752
57.0,74.0,4.0,0.12126200646162033
57.0,78.0,4.0,0.08038409054279327
57.0,80.0,4.0,0.08724280446767807
57.0,82.0,4.0,0.06255143880844116
57.0,89.0,4.0,0.11248286068439484
57.0,94.0,4.0,0.027160491794347763
57.0,102.0,4.0,0.7733882069587708
57.0,105.0,4.0,0.1849108189344406
57.0,114.0,4.0,0.7377229332923889
57.0,121.0,4.0,0.21097393333911896
57.0,124.0,4.0,0.10672153532505035
57.0,127.0,4.0,0.087517149746418
57.0,129.0,4.0,0.09327847510576248
57.0,130.0,4.0,0.11330591142177582
58.0,2.0,4.0,0.15912209451198578
58.0,4.0,4.0,0.2910836935043335
58.0,9.0,4.0,0.22578875720500946
58.0,11.0,4.0,0.22441701591014862
58.0,15.0,4.0,0.4847736656665802
58.0,22.0,4.0,0.07901234924793243
58.0,25.0,4.0,0.7733882069587708
58.0,28.0,4.0,0.7761317491531372
58.0,36.0,4.0,0.2820301651954651
58.0,38.0,4.0,0.22304527461528778
58.0,40.0,4.0,0.42935529351234436
58.0,41.0,4.0,0.3659808039665222
58.0,44.0,4.0,0.11440329998731613
58.0,46.0,4.0,0.13552813231945038
58.0,52.0,4.0,0.14979425072669983
58.0,58.0,4.0,0.13635116815567017
58.0,61.0,4.0,0.19012345373630524
58.0,65.0,4.0,0.11742113530635834
58.0,77.0,4.0,0.10123457759618759
58.0,80.0,4.0,0.15500685572624207
58.0,83.0,4.0,0.1316872537136078
58.0,93.0,4.0,0.02743484452366829
58.0,107.0,4.0,0.2617284059524536
58.0,109.0,4.0,0.1023319736123085
58.0,122.0,4.0,0.26117968559265137
59.0,1.0,4.0,0.07270234078168869
59.0,11.0,4.0,0.21673525869846344
59.0,15.0,4.0,0.33662551641464233
59.0,16.0,4.0,0.3028806746006012
59.0,25.0,4.0,0.7349794507026672
59.0,29.0,4.0,0.7673525810241699
59.0,30.0,4.0,0.34074077010154724
59.0,43.0,4.0,0.18353910744190216
59.0,44.0,4.0,0.1731138527393341
59.0,45.0,4.0,0.20521262288093567
59.0,55.0,4.0,0.40932783484458923
59.0,58.0,4.0,0.19588476419448853
59.0,59.0,4.0,0.1670781970024109
59.0,63.0,4.0,0.137722909450531
59.0,68.0,4.0,0.1906721591949463
59.0,72.0,4.0,0.32592594623565674
59.0,77.0,4.0,0.285322368144989
59.0,83.0,4.0,0.08641976118087769
59.0,96.0,4.0,0.05980795994400978
59.0,101.0,4.0,0.7898491621017456
59.0,108.0,4.0,0.15555556118488312
59.0,110.0,4.0,0.10397806018590927
59.0,111.0,4.0,0.08587106317281723
59.0,119.0,4.0,0.2438957542181015
60.0,4.0,4.0,0.20521262288093567
60.0,6.0,4.0,0.1670781970024109
60.0,16.0,4.0,0.3382716178894043
60.0,24.0,4.0,0.06035665422677994
60.0,25.0,4.0,0.7733882069587708
60.0,27.0,4.0,0.7486968040466309
60.0,28.0,4.0,0.7404664158821106
60.0,30.0,4.0,0.1190672218799591
60.0,31.0,4.0,0.20713305473327637
60.0,39.0,4.0,0.23539096117019653
60.0,42.0,4.0,0.09218107908964157
60.0,45.0,4.0,0.12921811640262604
60.0,49.0,4.0,0.0855967104434967
60.0,53.0,4.0,0.26117968559265137
60.0,63.0,4.0,0.17174209654331207
60.0,72.0,4.0,0.2880658507347107
60.0,74.0,4.0,0.15994513034820557
60.0,82.0,4.0,0.08888889104127884
60.0,83.0,4.0,0.05102880299091339
60.0,91.0,4.0,0.08504801243543625
60.0,95.0,4.0,0.11989027261734009
60.0,96.0,4.0,0.06117970496416092
60.0,98.0,4.0,0.7185185551643372
60.0,102.0,4.0,0.7679012417793274
60.0,104.0,4.0,0.7486968040466309
60.0,106.0,4.0,0.11248286068439484
60.0,108.0,4.0,0.20521262288093567
60.0,110.0,4.0,0.1289437711238861
60.0,123.0,4.0,0.229080930352211
60.0,130.0,4.0,0.7871056199073792
61.0,12.0,4.0,0.1670781970024109
61.0,17.0,4.0,0.06255143880844116
61.0,20.0,4.0,0.158299058675766
61.0,25.0,4.0,0.795336127281189
61.0,26.0,4.0,0.7898491621017456
61.0,33.0,4.0,0.18024690449237823
61.0,35.0,4.0,0.10809328407049179
61.0,36.0,4.0,0.11193416267633438
61.0,37.0,4.0,0.14211249351501465
61.0,40.0,4.0,0.08120714128017426
61.0,41.0,4.0,0.08148148655891418
61.0,45.0,4.0,0.2142661213874817
61.0,48.0,4.0,0.11385460197925568
61.0,52.0,4.0,0.3006858825683594
61.0,55.0,4.0,0.5709190368652344
61.0,61.0,4.0,0.15555556118488312
61.0,74.0,4.0,0.14787380397319794
61.0,76.0,4.0,0.12757202982902527
61.0,79.0,4.0,0.1426611840724945
61.0,80.0,4.0,0.33497941493988037
61.0,82.0,4.0,0.08504801243543625
61.0,99.0,4.0,0.754183828830719
61.0,100.0,4.0,0.795336127281189
61.0,108.0,4.0,0.09519891440868378
61.0,110.0,4.0,0.09629630297422409
61.0,114.0,4.0,0.7267490029335022
61.0,123.0,4.0,0.25596708059310913
61.0,125.0,4.0,0.19314129650592804
62.0,3.0,4.0,0.17064471542835236
62.0,7.0,4.0,0.09986283630132675
62.0,9.0,4.0,0.12647463381290436
62.0,14.0,4.0,0.083676278591156
62.0,16.0,4.0,0.12016461044549942
62.0,21.0,4.0,0.1267489790916443
62.0,27.0,4.0,0.7514403462409973
62.0,35.0,4.0,0.1456790268421173
62.0,39.0,4.0,0.1358024775981903
62.0,40.0,4.0,0.09272977709770203
62.0,43.0,4.0,0.12153635919094086
62.0,47.0,4.0,0.22277091443538666
62.0,48.0,4.0,0.22167351841926575
62.0,50.0,4.0,0.17832647264003754
62.0,51.0,4.0,0.21262003481388092
62.0,52.0,4.0,0.47873803973197937
62.0,54.0,4.0,0.5316872596740723
62.0,59.0,4.0,0.25624141097068787
62.0,62.0,4.0,0.138545960187912
62.0,67.0,4.0,0.27297669649124146
62.0,68.0,4.0,0.38792866468429565
62.0,79.0,4.0,0.10480111092329025
62.0,83.0,4.0,0.05816186964511871
62.0,87.0,4.0,0.13607682287693024
62.0,88.0,4.0,0.07215364277362823
62.0,94.0,4.0,0.12071330845355988
62.0,95.0,4.0,0.09986283630132675
62.0,102.0,4.0,0.7624143362045288
62.0,110.0,4.0,0.12373114377260208
62.0,118.0,4.0,0.7377229332923889
62.0,122.0,4.0,0.08120714128017426
62.0,124.0,4.0,0.16049383580684662
63.0,4.0,4.0,0.12071330845355988
63.0,14.0,4.0,0.15363511443138123
63.0,31.0,4.0,0.3802469074726105
63.0,32.0,4.0,0.07352537661790848
63.0,36.0,4.0,0.23292182385921478
63.0,37.0,4.0,0.1593964546918869
63.0,51.0,4.0,0.2979423999786377
63.0,56.0,4.0,0.2183813452720642
63.0,67.0,4.0,0.18957476317882538
63.0,68.0,4.0,0.17475993931293488
63.0,70.0,4.0,0.18134430050849915
63.0,76.0,4.0,0.07544581592082977
63.0,78.0,4.0,0.04307270795106888
63.0,81.0,4.0,0.1042524129152298
63.0,84.0,4.0,0.08422497659921646
63.0,86.0,4.0,0.17668037116527557
63.0,100.0,4.0,0.7898491621017456
63.0,102.0,4.0,0.754183828830719
63.0,106.0,4.0,0.056790124624967575
63.0,113.0,4.0,0.1632373183965683
63.0,119.0,4.0,0.7377229332923889
63.0,126.0,4.0,0.7733882069587708
64.0,4.0,4.0,0.11275720596313477
64.0,11.0,4.0,0.38792866468429565
64.0,15.0,4.0,0.14924554526805878
64.0,16.0,4.0,0.14211249351501465
64.0,20.0,4.0,0.22578875720500946
64.0,37.0,4.0,0.21399176120758057
64.0,38.0,4.0,0.11851852387189865
64.0,41.0,4.0,0.12373114377260208
64.0,44.0,4.0,0.19533607363700867
64.0,45.0,4.0,0.1829904019832611
64.0,49.0,4.0,0.22304527461528778
64.0,58.0,4.0,0.16652950644493103
64.0,65.0,4.0,0.21207132935523987
64.0,82.0,4.0,0.12812072038650513
64.0,86.0,4.0,0.08532236516475677
64.0,87.0,4.0,0.11220850795507431
64.0,89.0,4.0,0.09629630297422409
64.0,99.0,4.0,0.39753085374832153
64.0,106.0,4.0,0.14513032138347626
64.0,124.0,4.0,0.7624143362045288
65.0,4.0,4.0,0.14869685471057892
65.0,13.0,4.0,0.12208505719900131
65.0,19.0,4.0,0.08971194177865982
65.0,32.0,4.0,0.062002744525671005
65.0,34.0,4.0,0.10342936217784882
65.0,38.0,4.0,0.19423869252204895
65.0,39.0,4.0,0.10288066416978836
65.0,40.0,4.0,0.06419754028320312
65.0,41.0,4.0,0.10699588805437088
65.0,42.0,4.0,0.11687243729829788
65.0,43.0,4.0,0.19286693632602692
65.0,45.0,4.0,0.19286693632602692
65.0,49.0,4.0,0.238957479596138
65.0,53.0,4.0,0.4463648796081543
65.0,59.0,4.0,0.20768176019191742
65.0,63.0,4.0,0.29355281591415405
65.0,67.0,4.0,0.41646090149879456
65.0,68.0,4.0,0.27489712834358215
65.0,72.0,4.0,0.2554183900356293
65.0,75.0,4.0,0.12071330845355988
65.0,76.0,4.0,0.10288066416978836
65.0,77.0,4.0,0.09272977709770203
65.0,85.0,4.0,0.19012345373630524
65.0,87.0,4.0,0.1190672218799591
65.0,93.0,4.0,0.34458160400390625
65.0,94.0,4.0,0.2823045253753662
65.0,99.0,4.0,0.26282578706741333
65.0,100.0,4.0,0.7733882069587708
65.0,105.0,4.0,0.7761317491531372
65.0,107.0,4.0,0.10864198207855225
65.0,108.0,4.0,0.09218107908964157
65.0,116.0,4.0,0.7267490029335022
65.0,124.0,4.0,0.6718792915344238
66.0,2.0,4.0,0.13031549751758575
66.0,4.0,4.0,0.17668037116527557
66.0,8.0,4.0,0.0806584432721138
66.0,9.0,4.0,0.13251030445098877
66.0,10.0,4.0,0.19972564280033112
66.0,12.0,4.0,0.16954733431339264
66.0,14.0,4.0,0.1347050815820694
66.0,22.0,4.0,0.12318244576454163
66.0,23.0,4.0,0.14046640694141388
66.0,24.0,4.0,0.10562414675951004
66.0,31.0,4.0,0.7267490029335022
66.0,37.0,4.0,0.10946502536535263
66.0,47.0,4.0,0.22661179304122925
66.0,53.0,4.0,0.379698246717453
66.0,67.0,4.0,0.25404664874076843
66.0,68.0,4.0,0.2085047960281372
66.0,70.0,4.0,0.26694104075431824
66.0,75.0,4.0,0.17914950847625732
66.0,80.0,4.0,0.10699588805437088
66.0,81.0,4.0,0.0954732596874237
66.0,84.0,4.0,0.15610425174236298
66.0,94.0,4.0,0.33991768956184387
66.0,111.0,4.0,0.11495199799537659
66.0,114.0,4.0,0.11961591988801956
66.0,115.0,4.0,0.09355281293392181
67.0,6.0,4.0,0.1758573353290558
67.0,7.0,4.0,0.1091906726360321
67.0,10.0,4.0,0.10754458606243134
67.0,11.0,4.0,0.13909466564655304
67.0,19.0,4.0,0.1190672218799591
67.0,26.0,4.0,0.22359395027160645
67.0,28.0,4.0,0.7624143362045288
67.0,29.0,4.0,0.7404664158821106
67.0,35.0,4.0,0.25733882188796997
67.0,36.0,4.0,0.2222222238779068
67.0,38.0,4.0,0.14183813333511353
67.0,39.0,4.0,0.083676278591156
67.0,50.0,4.0,0.33168724179267883
67.0,54.0,4.0,0.16982167959213257
67.0,69.0,4.0,0.3267489969730377
67.0,70.0,4.0,0.20905348658561707
67.0,71.0,4.0,0.21755829453468323
67.0,72.0,4.0,0.1860082447528839
67.0,78.0,4.0,0.13909466564655304
67.0,81.0,4.0,0.17338819801807404
67.0,82.0,4.0,0.15473251044750214
67.0,87.0,4.0,0.341015100479126
67.0,89.0,4.0,0.17640604078769684
67.0,92.0,4.0,0.2823045253753662
67.0,93.0,4.0,0.29437586665153503
67.0,94.0,4.0,0.3305898606777191
67.0,97.0,4.0,0.2982167601585388
67.0,104.0,4.0,0.7733882069587708
67.0,129.0,4.0,0.7185185551643372
68.0,5.0,4.0,0.23127572238445282
68.0,6.0,4.0,0.19012345373630524
68.0,8.0,4.0,0.12153635919094086
68.0,9.0,4.0,0.08641976118087769
68.0,12.0,4.0,0.08477366715669632
68.0,13.0,4.0,0.07352537661790848
68.0,14.0,4.0,0.09327847510576248
68.0,15.0,4.0,0.13689985871315002
68.0,16.0,4.0,0.21207132935523987
68.0,21.0,4.0,0.11934157460927963
68.0,27.0,4.0,0.37777775526046753
68.0,32.0,4.0,0.7185185551643372
68.0,35.0,4.0,0.1876543164253235
68.0,44.0,4.0,0.20768176019191742
68.0,46.0,4.0,0.3607681691646576
68.0,61.0,4.0,0.35857337713241577
68.0,73.0,4.0,0.40850481390953064
68.0,74.0,4.0,0.32976680994033813
68.0,88.0,4.0,0.26419752836227417
68.0,89.0,4.0,0.2971193492412567
68.0,91.0,4.0,0.3659808039665222
68.0,109.0,4.0,0.404938280582428
68.0,113.0,4.0,0.09903978556394577
68.0,116.0,4.0,0.3275720179080963
68.0,120.0,4.0,0.6993141770362854
68.0,122.0,4.0,0.7102880477905273
68.0,127.0,4.0,0.7130315899848938
69.0,4.0,4.0,0.14485597610473633
69.0,5.0,4.0,0.24334704875946045
69.0,7.0,4.0,0.21207132935523987
69.0,13.0,4.0,0.0825788751244545
69.0,21.0,4.0,0.08010975271463394
69.0,22.0,4.0,0.07654321193695068
69.0,30.0,4.0,0.6010974049568176
69.0,44.0,4.0,0.23182442784309387
69.0,54.0,4.0,0.1563786119222641
69.0,65.0,4.0,0.5286694169044495
69.0,67.0,4.0,0.3078189492225647
69.0,70.0,4.0,0.11714678257703781
69.0,71.0,4.0,0.1613168865442276
69.0,85.0,4.0,0.3882030248641968
69.0,86.0,4.0,0.3226337432861328
69.0,89.0,4.0,0.40576133131980896
69.0,96.0,4.0,0.16378602385520935
69.0,112.0,4.0,0.7733882069587708
69.0,117.0,4.0,0.7624143362045288
69.0,118.0,4.0,0.7130315899848938
69.0,121.0,4.0,0.7157750129699707
69.0,122.0,4.0,0.7020576000213623
69.0,123.0,4.0,0.6825789213180542
69.0,129.0,4.0,0.46666669845581055
70.0,4.0,4.0,0.15390947461128235
70.0,5.0,4.0,0.2743484079837799
70.0,6.0,4.0,0.33580249547958374
70.0,7.0,4.0,0.3470507562160492
70.0,8.0,4.0,0.1259259432554245
70.0,27.0,4.0,0.26392319798469543
70.0,31.0,4.0,0.704801082611084
70.0,35.0,4.0,0.1316872537136078
70.0,43.0,4.0,0.21262003481388092
70.0,47.0,4.0,0.4699588418006897
70.0,49.0,4.0,0.2820301651954651
70.0,54.0,4.0,0.10973937064409256
70.0,55.0,4.0,0.10534980148077011
70.0,56.0,4.0,0.11989027261734009
70.0,64.0,4.0,0.3528120815753937
70.0,68.0,4.0,0.33580249547958374
70.0,74.0,4.0,0.2666666805744171
70.0,77.0,4.0,0.14787380397319794
70.0,79.0,4.0,0.14869685471057892
70.0,84.0,4.0,0.2839505970478058
70.0,85.0,4.0,0.3379972577095032
70.0,91.0,4.0,0.33004114031791687
70.0,119.0,4.0,0.7102880477905273
71.0,30.0,4.0,0.6993141770362854
71.0,31.0,4.0,0.636214017868042
71.0,34.0,4.0,0.7130315899848938
71.0,37.0,4.0,0.10973937064409256
71.0,48.0,4.0,0.24307270348072052
71.0,50.0,4.0,0.18161864578723907
71.0,56.0,4.0,0.10589849948883057
71.0,58.0,4.0,0.21947874128818512
71.0,62.0,4.0,0.5371742248535156
71.0,64.0,4.0,0.496845006942749
71.0,67.0,4.0,0.28285321593284607
71.0,71.0,4.0,0.20329217612743378
71.0,72.0,4.0,0.3969821631908417
71.0,75.0,4.0,0.20384088158607483
71.0,78.0,4.0,0.31330588459968567
71.0,79.0,4.0,0.3882030248641968
71.0,81.0,4.0,0.42030179500579834
71.0,82.0,4.0,0.45596709847450256
71.0,84.0,4.0,0.5478737950325012
71.0,85.0,4.0,0.3873799741268158
71.0,90.0,4.0,0.2990397810935974
71.0,93.0,4.0,0.38984909653663635
71.0,96.0,4.0,0.16378602385520935
71.0,111.0,4.0,0.743209958076477
71.0,118.0,4.0,0.7102880477905273
71.0,122.0,4.0,0.7404664158821106
72.0,5.0,4.0,0.48834022879600525
72.0,8.0,4.0,0.212345689535141
72.0,9.0,4.0,0.1514403373003006
72.0,11.0,4.0,0.2043895721435547
72.0,12.0,4.0,0.13717421889305115
72.0,14.0,4.0,0.1495199054479599
72.0,15.0,4.0,0.147599458694458
72.0,22.0,4.0,0.06337448954582214
72.0,25.0,4.0,0.08998628705739975
72.0,26.0,4.0,0.1662551611661911
72.0,31.0,4.0,0.6883402466773987
72.0,32.0,4.0,0.7102880477905273
72.0,36.0,4.0,0.424691379070282
72.0,38.0,4.0,0.13388203084468842
72.0,39.0,4.0,0.10342936217784882
72.0,41.0,4.0,0.16570644080638885
72.0,49.0,4.0,0.16872428357601166
72.0,50.0,4.0,0.14787380397319794
72.0,52.0,4.0,0.19122084975242615
72.0,66.0,4.0,0.3267489969730377
72.0,71.0,4.0,0.329492449760437
72.0,72.0,4.0,0.40356653928756714
72.0,74.0,4.0,0.22469136118888855
72.0,77.0,4.0,0.40768176317214966
72.0,90.0,4.0,0.22469136118888855
72.0,91.0,4.0,0.26008230447769165
72.0,108.0,4.0,0.7404664158821106
72.0,120.0,4.0,0.7130315899848938
72.0,122.0,4.0,0.20219478011131287
72.0,129.0,4.0,0.11742113530635834
72.0,130.0,4.0,0.10123457759618759
73.0,3.0,4.0,0.22880658507347107
73.0,5.0,4.0,0.5761317014694214
73.0,6.0,4.0,0.23676270246505737
73.0,7.0,4.0,0.29629629850387573
73.0,18.0,4.0,0.13031549751758575
73.0,19.0,4.0,0.07599451392889023
73.0,21.0,4.0,0.12921811640262604
73.0,25.0,4.0,0.2043895721435547
73.0,26.0,4.0,0.25596708059310913
73.0,30.0,4.0,0.6993141770362854
73.0,31.0,4.0,0.7212620377540588
73.0,32.0,4.0,0.7267490029335022
73.0,38.0,4.0,0.16899864375591278
73.0,42.0,4.0,0.1906721591949463
73.0,43.0,4.0,0.17174209654331207
73.0,47.0,4.0,0.14979425072669983
73.0,60.0,4.0,0.320438951253891
73.0,64.0,4.0,0.5196159482002258
73.0,66.0,4.0,0.28367626667022705
73.0,73.0,4.0,0.3561042547225952
73.0,79.0,4.0,0.40850481390953064
73.0,81.0,4.0,0.6584362387657166
73.0,89.0,4.0,0.08724280446767807
73.0,90.0,4.0,0.15692731738090515
73.0,92.0,4.0,0.11467764526605606
73.0,93.0,4.0,0.38984909653663635
73.0,94.0,4.0,0.1936899870634079
73.0,96.0,4.0,0.16378602385520935
73.0,103.0,4.0,0.7349794507026672
73.0,106.0,4.0,0.7349794507026672
73.0,110.0,4.0,0.7596707940101624
73.0,116.0,4.0,0.7377229332923889
73.0,117.0,4.0,0.7569273710250854
73.0,119.0,4.0,0.4814814627170563
74.0,3.0,4.0,0.5017832517623901
74.0,6.0,4.0,0.2834019362926483
74.0,7.0,4.0,0.2203017771244049
74.0,17.0,4.0,0.13305899500846863
74.0,18.0,4.0,0.08587106317281723
74.0,34.0,4.0,0.7212620377540588
74.0,39.0,4.0,0.18545953929424286
74.0,48.0,4.0,0.13607682287693024
74.0,54.0,4.0,0.05432099103927612
74.0,74.0,4.0,0.20384088158607483
74.0,82.0,4.0,0.4812071621417999
74.0,89.0,4.0,0.12318244576454163
74.0,91.0,4.0,0.09218107908964157
74.0,102.0,4.0,0.16790124773979187
74.0,106.0,4.0,0.7733882069587708
74.0,113.0,4.0,0.7294924259185791
74.0,125.0,4.0,0.19012345373630524
74.0,126.0,4.0,0.23264746367931366
75.0,8.0,4.0,0.310562402009964
75.0,16.0,4.0,0.09766803681850433
75.0,18.0,4.0,0.16680383682250977
75.0,19.0,4.0,0.09300412237644196
75.0,24.0,4.0,0.25596708059310913
75.0,31.0,4.0,0.7569273710250854
75.0,32.0,4.0,0.7596707940101624
75.0,33.0,4.0,0.7514403462409973
75.0,37.0,4.0,0.6581618785858154
75.0,38.0,4.0,0.5895748138427734
75.0,54.0,4.0,0.041426610201597214
75.0,56.0,4.0,0.037037041038274765
75.0,59.0,4.0,0.09026063978672028
75.0,60.0,4.0,0.15775035321712494
75.0,78.0,4.0,0.6142660975456238
75.0,86.0,4.0,0.25432097911834717
75.0,93.0,4.0,0.08669411391019821
75.0,96.0,4.0,0.16378602385520935
75.0,97.0,4.0,0.2773662507534027
75.0,102.0,4.0,0.32098767161369324
75.0,106.0,4.0,0.7733882069587708
75.0,121.0,4.0,0.2035665214061737
75.0,127.0,4.0,0.34869682788848877
76.0,4.0,4.0,0.21646089851856232
76.0,7.0,4.0,0.23127572238445282
76.0,8.0,4.0,0.3884773850440979
76.0,10.0,4.0,0.16954733431339264
76.0,13.0,4.0,0.10562414675951004
76.0,22.0,4.0,0.23319615423679352
76.0,24.0,4.0,0.16899864375591278
76.0,25.0,4.0,0.1799725741147995
76.0,27.0,4.0,0.2617284059524536
76.0,28.0,4.0,0.18436214327812195
76.0,29.0,4.0,0.12620027363300323
76.0,35.0,4.0,0.7212620377540588
76.0,37.0,4.0,0.7486968040466309
76.0,39.0,4.0,0.477091908454895
76.0,44.0,4.0,0.6773662567138672
76.0,49.0,4.0,0.11165980994701385
76.0,50.0,4.0,0.09986283630132675
76.0,57.0,4.0,0.07325103133916855
76.0,74.0,4.0,0.46776407957077026
76.0,77.0,4.0,0.277091920375824
76.0,78.0,4.0,0.46364885568618774
76.0,79.0,4.0,0.5528120994567871
76.0,88.0,4.0,0.09574761241674423
76.0,93.0,4.0,0.37777775526046753
76.0,98.0,4.0,0.2458161860704422
76.0,116.0,4.0,0.38957473635673523
76.0,118.0,4.0,0.2979423999786377
77.0,3.0,4.0,0.18134430050849915
77.0,7.0,4.0,0.19314129650592804
77.0,12.0,4.0,0.09574761241674423
77.0,14.0,4.0,0.16680383682250977
77.0,15.0,4.0,0.1593964546918869
77.0,20.0,4.0,0.1426611840724945
77.0,24.0,4.0,0.20384088158607483
77.0,27.0,4.0,0.16982167959213257
77.0,33.0,4.0,0.7267490029335022
77.0,57.0,4.0,0.2016461044549942
77.0,74.0,4.0,0.4595336318016052
77.0,81.0,4.0,0.5171468257904053
77.0,87.0,4.0,0.19122084975242615
77.0,89.0,4.0,0.03648834303021431
77.0,99.0,4.0,0.2134430706501007
77.0,100.0,4.0,0.3432098925113678
77.0,103.0,4.0,0.059533607214689255
77.0,107.0,4.0,0.06639231741428375
77.0,116.0,4.0,0.2016461044549942
77.0,122.0,4.0,0.21865570545196533
77.0,123.0,4.0,0.2400548756122589
77.0,126.0,4.0,0.2526748776435852
77.0,129.0,4.0,0.4463648796081543
78.0,9.0,4.0,0.12071330845355988
78.0,14.0,4.0,0.08148148655891418
78.0,27.0,4.0,0.13443073630332947
78.0,32.0,4.0,0.7925925850868225
78.0,34.0,4.0,0.7349794507026672
78.0,35.0,4.0,0.7514403462409973
78.0,44.0,4.0,0.696570634841919
78.0,45.0,4.0,0.7377229332923889
78.0,46.0,4.0,0.7102880477905273
78.0,51.0,4.0,0.5511659979820251
78.0,54.0,4.0,0.09958848357200623
78.0,55.0,4.0,0.1316872537136078
78.0,67.0,4.0,0.29547324776649475
78.0,77.0,4.0,0.3912208676338196
78.0,83.0,4.0,0.4032922089099884
78.0,84.0,4.0,0.3766804039478302
78.0,92.0,4.0,0.7130315899848938
78.0,95.0,4.0,0.7322359681129456
78.0,100.0,4.0,0.7514403462409973
78.0,103.0,4.0,0.1514403373003006
78.0,114.0,4.0,0.16049383580684662
78.0,116.0,4.0,0.26803842186927795
78.0,117.0,4.0,0.20219478011131287
78.0,120.0,4.0,0.23045268654823303
78.0,123.0,4.0,0.27572014927864075
78.0,126.0,4.0,0.2812071442604065
78.0,127.0,4.0,0.26392319798469543
78.0,130.0,4.0,0.3039780557155609
79.0,6.0,4.0,0.8639232516288757
79.0,16.0,4.0,0.09355281293392181
79.0,19.0,4.0,0.09519891440868378
79.0,21.0,4.0,0.14814816415309906
79.0,22.0,4.0,0.12620027363300323
79.0,25.0,4.0,0.15967078506946564
79.0,34.0,4.0,0.7486968040466309
79.0,37.0,4.0,0.795336127281189
79.0,51.0,4.0,0.704801082611084
79.0,54.0,4.0,0.5017832517623901
79.0,62.0,4.0,0.5470507740974426
79.0,71.0,4.0,0.5012345910072327
79.0,73.0,4.0,0.4375857710838318
79.0,91.0,4.0,0.7130315899848938
79.0,92.0,4.0,0.7294924259185791
79.0,99.0,4.0,0.7102880477905273
79.0,107.0,4.0,0.09849108755588531
79.0,111.0,4.0,0.07736626267433167
79.0,116.0,4.0,0.1297668069601059
79.0,122.0,4.0,0.1454046666622162
79.0,127.0,4.0,0.3135802447795868
79.0,130.0,4.0,0.3912208676338196
80.0,3.0,4.0,0.8145405054092407
80.0,6.0,4.0,0.8639232516288757
80.0,7.0,4.0,0.8474622964859009
80.0,22.0,4.0,0.12620027363300323
80.0,24.0,4.0,0.10699588805437088
80.0,26.0,4.0,0.1259259432554245
80.0,29.0,4.0,0.1484224945306778
80.0,40.0,4.0,0.7733882069587708
80.0,42.0,4.0,0.7486968040466309
80.0,46.0,4.0,0.743209958076477
80.0,57.0,4.0,0.3733882009983063
80.0,58.0,4.0,0.3037036955356598
80.0,59.0,4.0,0.2545953392982483
80.0,60.0,4.0,0.4641975462436676
80.0,63.0,4.0,0.7102880477905273
80.0,66.0,4.0,0.6801097989082336
80.0,68.0,4.0,0.5572016835212708
80.0,69.0,4.0,0.6883402466773987
80.0,71.0,4.0,0.7020576000213623
80.0,73.0,4.0,0.5407407283782959
80.0,78.0,4.0,0.3679012358188629
80.0,81.0,4.0,0.49108368158340454
80.0,92.0,4.0,0.7102880477905273
80.0,103.0,4.0,0.40740740299224854
80.0,104.0,4.0,0.20521262288093567
80.0,105.0,4.0,0.24444444477558136
80.0,110.0,4.0,0.12729766964912415
81.0,1.0,4.0,0.7761317491531372
81.0,4.0,4.0,0.821124792098999
81.0,13.0,4.0,0.2419753074645996
81.0,14.0,4.0,0.08148148655891418
81.0,20.0,4.0,0.1426611840724945
81.0,21.0,4.0,0.14814816415309906
81.0,24.0,4.0,0.07160494476556778
81.0,32.0,4.0,0.10699588805437088
81.0,39.0,4.0,0.7733882069587708
81.0,40.0,4.0,0.754183828830719
81.0,45.0,4.0,0.7404664158821106
81.0,53.0,4.0,0.7212620377540588
81.0,58.0,4.0,0.21755829453468323
81.0,62.0,4.0,0.7091907262802124
81.0,63.0,4.0,0.7267490029335022
81.0,71.0,4.0,0.7404664158821106
81.0,72.0,4.0,0.7102880477905273
81.0,73.0,4.0,0.5012345910072327
81.0,75.0,4.0,0.3843621611595154
81.0,77.0,4.0,0.2458161860704422
81.0,79.0,4.0,0.25212621688842773
81.0,82.0,4.0,0.4886145293712616
81.0,83.0,4.0,0.40274348855018616
81.0,84.0,4.0,0.24060356616973877
81.0,91.0,4.0,0.7267490029335022
81.0,95.0,4.0,0.693827211856842
81.0,98.0,4.0,0.7240055203437805
81.0,105.0,4.0,0.1739369034767151
81.0,106.0,4.0,0.1967078298330307
81.0,110.0,4.0,0.0844993144273758
81.0,115.0,4.0,0.17914950847625732
81.0,128.0,4.0,0.21947874128818512
82.0,11.0,4.0,0.8063099980354309
82.0,13.0,4.0,0.844718873500824
82.0,14.0,4.0,0.08148148655891418
82.0,20.0,4.0,0.1426611840724945
82.0,22.0,4.0,0.12620027363300323
82.0,23.0,4.0,0.11659808456897736
82.0,28.0,4.0,0.15912209451198578
82.0,30.0,4.0,0.10150892287492752
82.0,44.0,4.0,0.7267490029335022
82.0,47.0,4.0,0.7514403462409973
82.0,53.0,4.0,0.4828532338142395
82.0,56.0,4.0,0.5209876894950867
82.0,65.0,4.0,0.7733882069587708
82.0,68.0,4.0,0.7377229332923889
82.0,72.0,4.0,0.7119341492652893
82.0,77.0,4.0,0.3818930387496948
82.0,78.0,4.0,0.4277092218399048
82.0,81.0,4.0,0.3355281352996826
82.0,82.0,4.0,0.44718796014785767
82.0,85.0,4.0,0.44197532534599304
82.0,91.0,4.0,0.7294924259185791
82.0,94.0,4.0,0.5956104397773743
82.0,97.0,4.0,0.7733882069587708
82.0,99.0,4.0,0.7514403462409973
82.0,103.0,4.0,0.7212620377540588
82.0,104.0,4.0,0.696570634841919
82.0,106.0,4.0,0.18436214327812195
82.0,111.0,4.0,0.1544581800699234
82.0,113.0,4.0,0.15610425174236298
82.0,116.0,4.0,0.25624141097068787
82.0,122.0,4.0,0.17146776616573334
82.0,124.0,4.0,0.3020575940608978
82.0,125.0,4.0,0.25624141097068787
82.0,128.0,4.0,0.15555556118488312
83.0,5.0,4.0,0.7980795502662659
83.0,6.0,4.0,0.8200274705886841
83.0,7.0,4.0,0.8282579183578491
83.0,11.0,4.0,0.795336127281189
83.0,17.0,4.0,0.21316872537136078
83.0,24.0,4.0,0.15555556118488312
83.0,28.0,4.0,0.09465020895004272
83.0,32.0,4.0,0.2850480377674103
83.0,43.0,4.0,0.7486968040466309
83.0,47.0,4.0,0.754183828830719
83.0,48.0,4.0,0.7294924259185791
83.0,51.0,4.0,0.6663923263549805
83.0,56.0,4.0,0.5347050428390503
83.0,68.0,4.0,0.6855967044830322
83.0,70.0,4.0,0.745953381061554
83.0,77.0,4.0,0.43319615721702576
83.0,83.0,4.0,0.1711934208869934
83.0,86.0,4.0,0.7212620377540588
83.0,87.0,4.0,0.7240055203437805
83.0,90.0,4.0,0.754183828830719
83.0,92.0,4.0,0.7185185551643372
83.0,94.0,4.0,0.6718792915344238
83.0,98.0,4.0,0.7349794507026672
83.0,115.0,4.0,0.30123457312583923
83.0,116.0,4.0,0.2891632318496704
83.0,117.0,4.0,0.21810699999332428
83.0,126.0,4.0,0.27078187465667725
83.0,130.0,4.0,0.16159123182296753
84.0,2.0,4.0,0.7486968040466309
84.0,5.0,4.0,0.7980795502662659
84.0,6.0,4.0,0.8172839283943176
84.0,12.0,4.0,0.8584362864494324
84.0,13.0,4.0,0.8227709531784058
84.0,29.0,4.0,0.4795610308647156
84.0,36.0,4.0,0.2902606427669525
84.0,37.0,4.0,0.34074077010154724
84.0,38.0,4.0,0.22962962090969086
84.0,40.0,4.0,0.6636488437652588
84.0,71.0,4.0,0.6910836696624756
84.0,83.0,4.0,0.7267490029335022
84.0,106.0,4.0,0.43209877610206604
84.0,117.0,4.0,0.25048011541366577
84.0,122.0,4.0,0.4167352616786957
84.0,126.0,4.0,0.2477366179227829
84.0,128.0,4.0,0.24910835921764374
85.0,8.0,4.0,0.8666666746139526
85.0,13.0,4.0,0.880384087562561
85.0,15.0,4.0,0.8639232516288757
85.0,19.0,4.0,0.09519891440868378
85.0,20.0,4.0,0.40246912837028503
85.0,21.0,4.0,0.21015089750289917
85.0,24.0,4.0,0.26968449354171753
85.0,30.0,4.0,0.3991769850254059
85.0,36.0,4.0,0.3558298945426941
85.0,37.0,4.0,0.277091920375824
85.0,43.0,4.0,0.7486968040466309
85.0,47.0,4.0,0.743209958076477
85.0,51.0,4.0,0.7102880477905273
85.0,54.0,4.0,0.7075446248054504
85.0,63.0,4.0,0.696570634841919
85.0,66.0,4.0,0.7102880477905273
85.0,71.0,4.0,0.5840877890586853
85.0,77.0,4.0,0.1415638029575348
85.0,81.0,4.0,0.09465020895004272
85.0,83.0,4.0,0.6554183959960938
85.0,85.0,4.0,0.7349794507026672
85.0,87.0,4.0,0.7130315899848938
85.0,88.0,4.0,0.6718792915344238
85.0,90.0,4.0,0.22962962090969086
85.0,92.0,4.0,0.06556928157806396
85.0,94.0,4.0,0.35555556416511536
85.0,95.0,4.0,0.3185185194015503
85.0,114.0,4.0,0.3127572238445282
85.0,123.0,4.0,0.4052126407623291
85.0,125.0,4.0,0.3602195084095001
86.0,4.0,4.0,0.5717421174049377
86.0,8.0,4.0,0.8419753313064575
86.0,10.0,4.0,0.831001341342926
86.0,19.0,4.0,0.8282579183578491
86.0,20.0,4.0,0.8282579183578491
86.0,21.0,4.0,0.1506173014640808
86.0,25.0,4.0,0.339368999004364
86.0,27.0,4.0,0.3451303243637085
86.0,41.0,4.0,0.4620027244091034
86.0,51.0,4.0,0.754183828830719
86.0,54.0,4.0,0.6691358089447021
86.0,65.0,4.0,0.4790123403072357
86.0,70.0,4.0,0.636214017868042
86.0,75.0,4.0,0.7349794507026672
86.0,91.0,4.0,0.11440329998731613
86.0,98.0,4.0,0.7486968040466309
86.0,99.0,4.0,0.7569273710250854
86.0,102.0,4.0,0.7788751721382141
86.0,110.0,4.0,0.32976680994033813
86.0,126.0,4.0,0.29547324776649475
87.0,2.0,4.0,0.4622770845890045
87.0,3.0,4.0,0.4984910786151886
87.0,9.0,4.0,0.35555556416511536
87.0,15.0,4.0,0.8831276297569275
87.0,24.0,4.0,0.25624141097068787
87.0,28.0,4.0,0.16927297413349152
87.0,30.0,4.0,0.23840877413749695
87.0,33.0,4.0,0.2724279761314392
87.0,38.0,4.0,0.22085048258304596
87.0,41.0,4.0,0.23840877413749695
87.0,44.0,4.0,0.745953381061554
87.0,52.0,4.0,0.4691358208656311
87.0,55.0,4.0,0.7349794507026672
87.0,57.0,4.0,0.7102880477905273
87.0,64.0,4.0,0.5720164775848389
87.0,65.0,4.0,0.4197531044483185
87.0,67.0,4.0,0.3421124815940857
87.0,76.0,4.0,0.4691358208656311
87.0,96.0,4.0,0.07626886665821075
87.0,100.0,4.0,0.7871056199073792
87.0,113.0,4.0,0.4748971164226532
87.0,114.0,4.0,0.33964335918426514
87.0,116.0,4.0,0.25432097911834717
87.0,124.0,4.0,0.33991768956184387
87.0,130.0,4.0,0.17037038505077362
88.0,10.0,4.0,0.4513031542301178
88.0,14.0,4.0,0.8694101572036743
88.0,25.0,4.0,0.15912209451198578
88.0,27.0,4.0,0.10452675074338913
88.0,30.0,4.0,0.38792866468429565
88.0,32.0,4.0,0.2919067144393921
88.0,36.0,4.0,0.43401920795440674
88.0,37.0,4.0,0.2765432298183441
88.0,47.0,4.0,0.743209958076477
88.0,73.0,4.0,0.7322359681129456
88.0,77.0,4.0,0.754183828830719
88.0,84.0,4.0,0.7486968040466309
88.0,87.0,4.0,0.11440329998731613
88.0,88.0,4.0,0.05486968532204628
88.0,95.0,4.0,0.09519891440868378
88.0,100.0,4.0,0.4814814627170563
88.0,106.0,4.0,0.7240055203437805
88.0,120.0,4.0,0.25624141097068787
88.0,123.0,4.0,0.2781893014907837
89.0,16.0,4.0,0.8721536993980408
89.0,30.0,4.0,0.3566529452800751
89.0,31.0,4.0,0.3039780557155609
89.0,32.0,4.0,0.33497941493988037
89.0,44.0,4.0,0.745953381061554
89.0,46.0,4.0,0.7733882069587708
89.0,51.0,4.0,0.7267490029335022
89.0,69.0,4.0,0.43923184275627136
89.0,70.0,4.0,0.5286694169044495
89.0,74.0,4.0,0.7349794507026672
89.0,83.0,4.0,0.7871056199073792
89.0,84.0,4.0,0.4864197373390198
89.0,85.0,4.0,0.05459534376859665
89.0,91.0,4.0,0.10096022486686707
89.0,102.0,4.0,0.7761317491531372
89.0,117.0,4.0,0.5379972457885742
89.0,118.0,4.0,0.5739368796348572
89.0,124.0,4.0,0.41344308853149414
89.0,130.0,4.0,0.087517149746418
90.0,8.0,4.0,0.21673525869846344
90.0,11.0,4.0,0.16652950644493103
90.0,14.0,4.0,0.8858710527420044
90.0,18.0,4.0,0.831001341342926
90.0,20.0,4.0,0.8282579183578491
90.0,21.0,4.0,0.7980795502662659
90.0,22.0,4.0,0.844718873500824
90.0,27.0,4.0,0.11550069600343704
90.0,31.0,4.0,0.2515774965286255
90.0,33.0,4.0,0.12537723779678345
90.0,34.0,4.0,0.4167352616786957
90.0,43.0,4.0,0.7486968040466309
90.0,57.0,4.0,0.7733882069587708
90.0,67.0,4.0,0.2035665214061737
90.0,80.0,4.0,0.745953381061554
90.0,81.0,4.0,0.754183828830719
90.0,84.0,4.0,0.05432099103927612
90.0,89.0,4.0,0.11275720596313477
90.0,90.0,4.0,0.1495199054479599
90.0,93.0,4.0,0.03648834303021431
90.0,95.0,4.0,0.02880658581852913
90.0,96.0,4.0,0.08148148655891418
90.0,99.0,4.0,0.09766803681850433
90.0,108.0,4.0,0.6855967044830322
90.0,111.0,4.0,0.5536351203918457
90.0,112.0,4.0,0.4551440179347992
90.0,126.0,4.0,0.255692720413208
90.0,129.0,4.0,0.1445816308259964
91.0,1.0,4.0,0.2792866826057434
91.0,5.0,4.0,0.4611797034740448
91.0,18.0,4.0,0.8299040198326111
91.0,22.0,4.0,0.831001341342926
91.0,24.0,4.0,0.8255143761634827
91.0,25.0,4.0,0.8227709531784058
91.0,26.0,4.0,0.8227709531784058
91.0,31.0,4.0,0.3802469074726105
91.0,34.0,4.0,0.434567928314209
91.0,36.0,4.0,0.3783264756202698
91.0,37.0,4.0,0.40384089946746826
91.0,42.0,4.0,0.7212620377540588
91.0,45.0,4.0,0.754183828830719
91.0,47.0,4.0,0.754183828830719
91.0,49.0,4.0,0.7185185551643372
91.0,51.0,4.0,0.7322359681129456
91.0,59.0,4.0,0.7733882069587708
91.0,66.0,4.0,0.30809327960014343
91.0,70.0,4.0,0.2183813452720642
91.0,73.0,4.0,0.7404664158821106
91.0,74.0,4.0,0.7157750129699707
91.0,76.0,4.0,0.7349794507026672
91.0,83.0,4.0,0.050480108708143234
91.0,84.0,4.0,0.04279835522174835
91.0,86.0,4.0,0.07407408207654953
91.0,94.0,4.0,0.010973936878144741
91.0,101.0,4.0,0.1632373183965683
91.0,109.0,4.0,0.7240055203437805
91.0,115.0,4.0,0.7843621373176575
91.0,117.0,4.0,0.38106995820999146
91.0,120.0,4.0,0.4364883601665497
91.0,121.0,4.0,0.3026063144207001
91.0,123.0,4.0,0.25294923782348633
91.0,124.0,4.0,0.2301783263683319
91.0,125.0,4.0,0.255692720413208
91.0,127.0,4.0,0.13991770148277283
92.0,3.0,4.0,0.17750343680381775
92.0,5.0,4.0,0.3497942388057709
92.0,10.0,4.0,0.16351166367530823
92.0,11.0,4.0,0.1868312805891037
92.0,19.0,4.0,0.8392318487167358
92.0,31.0,4.0,0.7733882069587708
92.0,33.0,4.0,0.7240055203437805
92.0,36.0,4.0,0.414814829826355
92.0,44.0,4.0,0.6801097989082336
92.0,63.0,4.0,0.7761317491531372
92.0,67.0,4.0,0.2518518567085266
92.0,77.0,4.0,0.7486968040466309
92.0,83.0,4.0,0.08422497659921646
92.0,86.0,4.0,0.06694101542234421
92.0,87.0,4.0,0.05377229303121567
92.0,92.0,4.0,0.03429355472326279
92.0,95.0,4.0,0.013991769403219223
92.0,97.0,4.0,0.05459534376859665
92.0,106.0,4.0,0.743209958076477
92.0,113.0,4.0,0.7733882069587708
92.0,114.0,4.0,0.7240055203437805
92.0,117.0,4.0,0.32894378900527954
92.0,127.0,4.0,0.1632373183965683
93.0,2.0,4.0,0.4592592716217041
93.0,4.0,4.0,0.3750343322753906
93.0,6.0,4.0,0.34677639603614807
93.0,37.0,4.0,0.704801082611084
93.0,38.0,4.0,0.7404664158821106
93.0,39.0,4.0,0.7102880477905273
93.0,45.0,4.0,0.6993141770362854
93.0,48.0,4.0,0.7404664158821106
93.0,68.0,4.0,0.2721536457538605
93.0,71.0,4.0,0.3086419701576233
93.0,77.0,4.0,0.7377229332923889
93.0,80.0,4.0,0.803566575050354
93.0,83.0,4.0,0.06721536815166473
93.0,92.0,4.0,0.014540465548634529
93.0,94.0,4.0,0.004115227144211531
93.0,105.0,4.0,0.7514403462409973
93.0,110.0,4.0,0.6310014128684998
93.0,115.0,4.0,0.7322359681129456
93.0,125.0,4.0,0.202469140291214
94.0,4.0,4.0,0.25816187262535095
94.0,14.0,4.0,0.2370370328426361
94.0,23.0,4.0,0.754183828830719
94.0,24.0,4.0,0.743209958076477
94.0,34.0,4.0,0.7130315899848938
94.0,37.0,4.0,0.7514403462409973
94.0,39.0,4.0,0.7294924259185791
94.0,48.0,4.0,0.06282579153776169
94.0,55.0,4.0,0.16104252636432648
94.0,60.0,4.0,0.7925925850868225
94.0,61.0,4.0,0.8117969632148743
94.0,63.0,4.0,0.8068587183952332
94.0,64.0,4.0,0.8063099980354309
94.0,69.0,4.0,0.8090535402297974
94.0,71.0,4.0,0.7733882069587708
94.0,75.0,4.0,0.7624143362045288
94.0,83.0,4.0,0.07270234078168869
94.0,84.0,4.0,0.06721536815166473
94.0,86.0,4.0,0.1248285323381424
94.0,92.0,4.0,0.017832648009061813
94.0,95.0,4.0,0.017832648009061813
94.0,96.0,4.0,0.0403292216360569
94.0,98.0,4.0,0.029903976246714592
94.0,100.0,4.0,0.06090535223484039
94.0,111.0,4.0,0.7130315899848938
94.0,113.0,4.0,0.7349794507026672
94.0,116.0,4.0,0.7679012417793274
94.0,119.0,4.0,0.754183828830719
94.0,122.0,4.0,0.7624143362045288
95.0,1.0,4.0,0.3314129114151001
95.0,6.0,4.0,0.20329217612743378
95.0,7.0,4.0,0.2222222238779068
95.0,14.0,4.0,0.23127572238445282
95.0,19.0,4.0,0.17722907662391663
95.0,32.0,4.0,0.7486968040466309
95.0,44.0,4.0,0.7569273710250854
95.0,47.0,4.0,0.12043897062540054
95.0,65.0,4.0,0.8063099980354309
95.0,70.0,4.0,0.8419753313064575
95.0,79.0,4.0,0.745953381061554
95.0,80.0,4.0,0.745953381061554
95.0,94.0,4.0,0.03758573532104492
95.0,95.0,4.0,0.01810699701309204
95.0,96.0,4.0,0.027160491794347763
95.0,101.0,4.0,0.08998628705739975
95.0,106.0,4.0,0.42222222685813904
95.0,110.0,4.0,0.7733882069587708
95.0,112.0,4.0,0.7596707940101624
95.0,114.0,4.0,0.754183828830719
95.0,116.0,4.0,0.7212620377540588
95.0,121.0,4.0,0.7514403462409973
95.0,124.0,4.0,0.7157750129699707
95.0,128.0,4.0,0.11796983331441879
96.0,11.0,4.0,0.10068587213754654
96.0,12.0,4.0,0.17558299005031586
96.0,13.0,4.0,0.1681755781173706
96.0,14.0,4.0,0.2054869532585144
96.0,37.0,4.0,0.743209958076477
96.0,39.0,4.0,0.7267490029335022
96.0,47.0,4.0,0.12181070446968079
96.0,59.0,4.0,0.8529492616653442
96.0,60.0,4.0,0.7898491621017456
96.0,62.0,4.0,0.8090535402297974
96.0,65.0,4.0,0.8227709531784058
96.0,66.0,4.0,0.8200274705886841
96.0,68.0,4.0,0.844718873500824
96.0,72.0,4.0,0.8282579183578491
96.0,84.0,4.0,0.0422496572136879
96.0,91.0,4.0,0.020301783457398415
96.0,100.0,4.0,0.16049383580684662
96.0,108.0,4.0,0.3679012358188629
96.0,113.0,4.0,0.7624143362045288
96.0,119.0,4.0,0.7020576000213623
96.0,120.0,4.0,0.7185185551643372
96.0,121.0,4.0,0.7212620377540588
96.0,122.0,4.0,0.7377229332923889
97.0,1.0,4.0,0.2606309950351715
97.0,5.0,4.0,0.19917696714401245
97.0,15.0,4.0,0.18737995624542236
97.0,17.0,4.0,0.15994513034820557
97.0,22.0,4.0,0.7486968040466309
97.0,24.0,4.0,0.7788751721382141
97.0,26.0,4.0,0.7898491621017456
97.0,33.0,4.0,0.6691358089447021
97.0,41.0,4.0,0.42222222685813904
97.0,42.0,4.0,0.19396433234214783
97.0,52.0,4.0,0.07517147809267044
97.0,53.0,4.0,0.05624143034219742
97.0,60.0,4.0,0.8474622964859009
97.0,64.0,4.0,0.803566575050354
97.0,75.0,4.0,0.20274348556995392
97.0,82.0,4.0,0.44691359996795654
97.0,91.0,4.0,0.02469136007130146
97.0,94.0,4.0,0.03923182189464569
97.0,97.0,4.0,0.06447187811136246
97.0,109.0,4.0,0.41728395223617554
97.0,115.0,4.0,0.7267490029335022
97.0,119.0,4.0,0.7102880477905273
97.0,123.0,4.0,0.7404664158821106
97.0,124.0,4.0,0.7267490029335022
98.0,3.0,4.0,0.15473251044750214
98.0,5.0,4.0,0.19286693632602692
98.0,11.0,4.0,0.15582992136478424
98.0,14.0,4.0,0.14677640795707703
98.0,16.0,4.0,0.12071330845355988
98.0,17.0,4.0,0.12208505719900131
98.0,18.0,4.0,0.15363511443138123
98.0,20.0,4.0,0.1643347293138504
98.0,23.0,4.0,0.7733882069587708
98.0,27.0,4.0,0.8008230924606323
98.0,32.0,4.0,0.7240055203437805
98.0,44.0,4.0,0.147599458694458
98.0,50.0,4.0,0.1495199054479599
98.0,53.0,4.0,0.03017832525074482
98.0,71.0,4.0,0.8090535402297974
98.0,72.0,4.0,0.831001341342926
98.0,74.0,4.0,0.27489712834358215
98.0,78.0,4.0,0.7925925850868225
98.0,79.0,4.0,0.8063099980354309
98.0,95.0,4.0,0.036213990300893784
98.0,98.0,4.0,0.05459534376859665
98.0,100.0,4.0,0.06831276416778564
98.0,101.0,4.0,0.083676278591156
98.0,111.0,4.0,0.3086419701576233
98.0,115.0,4.0,0.745953381061554
98.0,116.0,4.0,0.745953381061554
98.0,117.0,4.0,0.7404664158821106
98.0,125.0,4.0,0.7569273710250854
99.0,3.0,4.0,0.23264746367931366
99.0,5.0,4.0,0.1347050815820694
99.0,6.0,4.0,0.17558299005031586
99.0,13.0,4.0,0.12757202982902527
99.0,17.0,4.0,0.1061728447675705
99.0,20.0,4.0,0.1643347293138504
99.0,25.0,4.0,0.8008230924606323
99.0,32.0,4.0,0.754183828830719
99.0,38.0,4.0,0.4019204378128052
99.0,44.0,4.0,0.14320988953113556
99.0,47.0,4.0,0.17640604078769684
99.0,58.0,4.0,0.0924554243683815
99.0,60.0,4.0,0.43703705072402954
99.0,62.0,4.0,0.8282579183578491
99.0,69.0,4.0,0.8063099980354309
99.0,73.0,4.0,0.5890260934829712
99.0,80.0,4.0,0.7843621373176575
99.0,84.0,4.0,0.11796983331441879
99.0,85.0,4.0,0.04938271641731262
99.0,87.0,4.0,0.025788752362132072
99.0,89.0,4.0,0.03429355472326279
99.0,91.0,4.0,0.0403292216360569
99.0,92.0,4.0,0.05624143034219742
99.0,98.0,4.0,0.07434842735528946
99.0,100.0,4.0,0.0894375890493393
99.0,108.0,4.0,0.10672153532505035
99.0,110.0,4.0,0.09711934626102448
99.0,115.0,4.0,0.7322359681129456
99.0,117.0,4.0,0.7240055203437805
99.0,121.0,4.0,0.7651577591896057
100.0,2.0,4.0,0.20219478011131287
100.0,6.0,4.0,0.13909466564655304
100.0,14.0,4.0,0.11165980994701385
100.0,15.0,4.0,0.07901234924793243
100.0,24.0,4.0,0.7788751721382141
100.0,33.0,4.0,0.19643346965312958
100.0,57.0,4.0,0.07736626267433167
100.0,59.0,4.0,0.09382716566324234
100.0,63.0,4.0,0.7898491621017456
100.0,68.0,4.0,0.7679012417793274
100.0,74.0,4.0,0.1456790268421173
100.0,76.0,4.0,0.0707819014787674
100.0,92.0,4.0,0.07325103133916855
100.0,96.0,4.0,0.09135802835226059
100.0,101.0,4.0,0.08477366715669632
100.0,111.0,4.0,0.11632373929023743
100.0,120.0,4.0,0.7267490029335022
100.0,123.0,4.0,0.754183828830719
100.0,128.0,4.0,0.7377229332923889
